-- phpMyAdmin SQL Dump
-- version 4.1.14.3
-- http://www.phpmyadmin.net
--
-- Host: db2723.perfora.net
-- Generation Time: Sep 17, 2014 at 02:33 AM
-- Server version: 5.1.73-log
-- PHP Version: 5.4.4-14+deb7u12

SET SQL_MODE = "NO_AUTO_VALUE_ON_ZERO";
SET time_zone = "+00:00";


/*!40101 SET @OLD_CHARACTER_SET_CLIENT=@@CHARACTER_SET_CLIENT */;
/*!40101 SET @OLD_CHARACTER_SET_RESULTS=@@CHARACTER_SET_RESULTS */;
/*!40101 SET @OLD_COLLATION_CONNECTION=@@COLLATION_CONNECTION */;
/*!40101 SET NAMES utf8 */;

--
-- Database: `db352418135`
--

-- --------------------------------------------------------

--
-- Table structure for table `ci_sessions`
--

CREATE TABLE IF NOT EXISTS `ci_sessions` (
  `session_id` varchar(40) COLLATE latin1_general_ci NOT NULL DEFAULT '0',
  `ip_address` varchar(16) COLLATE latin1_general_ci NOT NULL DEFAULT '0',
  `user_agent` varchar(50) COLLATE latin1_general_ci NOT NULL,
  `last_activity` int(10) unsigned NOT NULL DEFAULT '0',
  `user_data` text COLLATE latin1_general_ci NOT NULL,
  PRIMARY KEY (`session_id`)
) ENGINE=MyISAM DEFAULT CHARSET=latin1 COLLATE=latin1_general_ci;

--
-- Dumping data for table `ci_sessions`
--

INSERT INTO `ci_sessions` (`session_id`, `ip_address`, `user_agent`, `last_activity`, `user_data`) VALUES
('69d6cfbc3745ca25c6d9711fff2e375c', '98.248.176.49', 'Mozilla/5.0 (Windows; U; Windows NT 5.1; en-US) Ap', 1297158539, ''),
('15f1dea37ca7c3b5470a872d5c944bbb', '208.106.108.2', 'Mozilla/5.0 (Windows; U; Windows NT 5.2; en-US) Ap', 1297378911, 'a:11:{s:5:"group";s:1:"1";s:6:"groups";a:3:{i:0;s:1:"1";i:1;s:1:"0";i:2;s:1:"2";}s:7:"user_id";s:15:"100000210646549";s:5:"fb_id";s:15:"100000210646549";s:7:"fb_json";s:279:"{"id":"100000210646549","name":"Eli Taylor","first_name":"Eli","last_name":"Taylor","link":"http:{{slash}}/{{slash}}/www.facebook.com{{slash}}/profile.php?id=100000210646549","work":[{"employer":{"id":"158768920830701","name":"Kapuna Hale"},"location":{"id":"103103746395957","na";s:9:"timestamp";s:19:"2010-12-29 23:51:28";s:7:"allowed";s:1:"1";s:12:"top_playlist";s:0:"";s:10:"invited_by";s:0:"";s:4:"name";s:2:"  ";s:8:"loginUrl";s:9:"#facebook";}'),
('9b1fce24ace7f829be77330f5cee5638', '98.248.176.49', 'Mozilla/5.0 (Windows; U; Windows NT 5.1; en-US; rv', 1297624847, 'a:11:{s:5:"group";s:1:"1";s:6:"groups";a:2:{i:0;s:1:"1";i:1;s:1:"0";}s:7:"user_id";s:9:"790415466";s:5:"fb_id";s:9:"790415466";s:7:"fb_json";a:6:{s:2:"id";s:9:"790415466";s:4:"name";s:9:"Sanaz Jon";s:10:"first_name";s:5:"Sanaz";s:9:"last_name";s:3:"Jon";s:6:"gender";s:6:"female";s:6:"locale";s:5:"en_US";}s:9:"timestamp";s:19:"2010-12-29 06:31:21";s:7:"allowed";s:1:"0";s:12:"top_playlist";N;s:10:"invited_by";N;s:10:"screenname";s:9:"Sanaz Jon";s:8:"loginUrl";s:9:"#facebook";}'),
('c5e8578e703d454401d9be07b7d6341e', '114.198.155.8', 'Mozilla/5.0 (Windows; U; Windows NT 5.1; en-US) Ap', 1297887572, ''),
('d4c6e23abef5fe751eb9ce5d58213c36', '208.106.108.2', 'Mozilla/5.0 (Windows; U; Windows NT 5.2; en-US) Ap', 1299704247, 'a:11:{s:5:"group";s:1:"1";s:6:"groups";a:3:{i:0;s:1:"1";i:1;s:1:"0";i:2;s:1:"2";}s:7:"user_id";s:15:"100000210646549";s:5:"fb_id";s:15:"100000210646549";s:7:"fb_json";s:279:"{"id":"100000210646549","name":"Eli Taylor","first_name":"Eli","last_name":"Taylor","link":"http:{{slash}}/{{slash}}/www.facebook.com{{slash}}/profile.php?id=100000210646549","work":[{"employer":{"id":"158768920830701","name":"Kapuna Hale"},"location":{"id":"103103746395957","na";s:9:"timestamp";s:19:"2010-12-29 23:51:28";s:7:"allowed";s:1:"1";s:12:"top_playlist";s:0:"";s:10:"invited_by";s:0:"";s:4:"name";s:2:"  ";s:8:"loginUrl";s:396:"https://www.facebook.com/login.php?api_key=114745005263534&cancel_url=http%3A%2F%2Fwww.taylormadetraffic.com%2Ffacebook%2Fhome%2Findex%2F100000210646549&display=page&fbconnect=0&next=http%3A%2F%2Fwww.taylormadetraffic.com%2Ffacebook%2Fhome%2Findex%2F100000210646549&return_session=1&session_version=3&v=1.0&canvas=1&req_perms=email%2Cpublish_stream%2Cstatus_update%2Cuser_birthday%2Cuser_location";}'),
('63c2279ece30278dc82e974942c086cc', '98.248.176.49', 'Mozilla/5.0 (Windows; U; Windows NT 5.1; en-US) Ap', 1302745333, 'a:11:{s:5:"group";s:1:"1";s:6:"groups";a:3:{i:0;s:1:"1";i:1;s:1:"0";i:2;s:1:"2";}s:7:"user_id";s:15:"100000210646549";s:5:"fb_id";s:15:"100000210646549";s:7:"fb_json";s:279:"{"id":"100000210646549","name":"Eli Taylor","first_name":"Eli","last_name":"Taylor","link":"http:{{slash}}/{{slash}}/www.facebook.com{{slash}}/profile.php?id=100000210646549","work":[{"employer":{"id":"158768920830701","name":"Kapuna Hale"},"location":{"id":"103103746395957","na";s:9:"timestamp";s:19:"2010-12-29 23:51:28";s:7:"allowed";s:1:"1";s:12:"top_playlist";s:0:"";s:10:"invited_by";s:0:"";s:4:"name";s:2:"  ";s:8:"loginUrl";s:336:"https://www.facebook.com/login.php?api_key=114745005263534&cancel_url=http%3A%2F%2Fwww.taylormadetraffic.com%2Ffacebook%2F&display=page&fbconnect=0&next=http%3A%2F%2Fwww.taylormadetraffic.com%2Ffacebook%2F&return_session=1&session_version=3&v=1.0&canvas=1&req_perms=email%2Cpublish_stream%2Cstatus_update%2Cuser_birthday%2Cuser_location";}'),
('2ca5be12ca66081352421efe332e232d', '190.156.209.53', 'Mozilla/5.0 (Windows NT 5.1) AppleWebKit/537.11 (K', 1355173513, '');

-- --------------------------------------------------------

--
-- Table structure for table `download_codes`
--

CREATE TABLE IF NOT EXISTS `download_codes` (
  `code_id` int(50) NOT NULL AUTO_INCREMENT,
  `vendor_id` int(50) NOT NULL,
  `purchased` int(15) DEFAULT NULL,
  `dateassigned` int(15) DEFAULT NULL,
  `code_text` varchar(255) COLLATE latin1_general_ci NOT NULL,
  `fb_id` bigint(50) DEFAULT NULL,
  `track_id` int(11) DEFAULT NULL,
  `group_id` int(11) DEFAULT NULL,
  `donatedby` bigint(11) NOT NULL,
  PRIMARY KEY (`code_id`)
) ENGINE=MyISAM  DEFAULT CHARSET=latin1 COLLATE=latin1_general_ci AUTO_INCREMENT=286 ;

--
-- Dumping data for table `download_codes`
--

INSERT INTO `download_codes` (`code_id`, `vendor_id`, `purchased`, `dateassigned`, `code_text`, `fb_id`, `track_id`, `group_id`, `donatedby`) VALUES
(1, 1, 1295566453, 1293764088, 'FBMB8-KMGELR-L78D', 100000210646549, 1, 1, 100000210646549),
(2, 1, 1295839649, 1293779156, 'KELI8-KMGELR-L78D', 100000210646549, 6, 1, 100000210646549),
(4, 2, 1295836250, 1293779158, 'LKETA8-KTMMELR-L78D', 100000210646549, 10, 1, 100000210646549),
(5, 1, 1295922334, 1294813038, '1MB8-KMGELR-L78D', 100000210646549, 12, 1, 100000210646549),
(6, 1, 1295861800, 1294821403, '282MB8-KMGELR-L78D', 790415466, 11, 1, 100000210646549),
(7, 1, 1295862073, 1294901598, '4MB8-KMGELR-L78D', 100000701447396, 14, 1, 100000210646549),
(8, 1, 1295860138, 1295860005, '5MB8-KMGELR-L78D', 100000210646549, 17, 1, 100000210646549),
(9, 1, 1296346294, 1296345358, '6MB8-KMGELR-L78D', 100000210646549, 20, 0, 100000210646549),
(10, 2, 1295862769, 1294975817, '7MB8-KMGELR-L78D', 1395597212, 15, 1, 100000210646549),
(11, 1, 1295836071, 1294856497, '8MB8-KMGELR-L78D', 100000210646549, 13, 1, 100000210646549),
(12, 1, 1296348609, 1296348376, '9MB8-KMGELR-L78D', 100000210646549, 21, 0, 100000210646549),
(13, 1, 1296356350, 1296356271, '10MB8-KMGELR-L78D', 100000210646549, 22, 0, 100000210646549),
(14, 1, 1296356711, 1296356631, '11MB8-KMGELR-L78D', 511282413, 23, 0, 100000210646549),
(15, 2, NULL, 1296356558, '12MB8-KMGELR-L78D', 100000210646549, NULL, 0, 100000210646549),
(16, 2, NULL, 1296449593, '13MB8-KMGELR-L78D', 100000210646549, NULL, 1, 100000210646549),
(17, 1, 1296357434, 1296357401, '14MB8-KMGELR-L78D', 511282413, 24, 0, 100000210646549),
(18, 1, 1295857229, 1295855368, '15MB8-KMGELR-L78D', 100000210646549, 16, 1, 100000210646549),
(19, 1, 1295860919, 1295859878, '16MB8-KMGELR-L78D', 100000210646549, 18, 1, 100000210646549),
(20, 1, NULL, NULL, '17MB8-KMGELR-L78D', NULL, NULL, NULL, 100000210646549),
(21, 1, NULL, NULL, '18MB8-KMGELR-L78D', NULL, NULL, NULL, 100000210646549),
(22, 2, NULL, NULL, '19MB8-KMGELR-L78D', NULL, NULL, NULL, 100000210646549),
(23, 2, NULL, NULL, '20MB8-KMGELR-L78D', NULL, NULL, NULL, 100000210646549),
(24, 1, NULL, NULL, '21MB8-KMGELR-L78D', NULL, NULL, NULL, 100000210646549),
(25, 1, NULL, NULL, '22MB8-KMGELR-L78D', NULL, NULL, NULL, 100000210646549),
(26, 1, NULL, NULL, '23MB8-KMGELR-L78D', NULL, NULL, NULL, 100000210646549),
(27, 1, NULL, NULL, '24MB8-KMGELR-L78D', NULL, NULL, NULL, 100000210646549),
(28, 1, NULL, NULL, '25MB8-KMGELR-L78D', NULL, NULL, NULL, 100000210646549),
(29, 1, NULL, NULL, '26MB8-KMGELR-L78D', NULL, NULL, NULL, 100000210646549),
(30, 1, NULL, NULL, '27MB8-KMGELR-L78D', NULL, NULL, NULL, 100000210646549),
(31, 2, NULL, NULL, '28MB8-KMGELR-L78D', NULL, NULL, NULL, 100000210646549),
(32, 2, NULL, NULL, '29MB8-KMGELR-L78D', NULL, NULL, NULL, 100000210646549),
(33, 1, NULL, NULL, '30MB8-KMGELR-L78D', NULL, NULL, NULL, 100000210646549),
(34, 1, NULL, NULL, '31MB8-KMGELR-L78D', NULL, NULL, NULL, 100000210646549),
(35, 1, NULL, NULL, '32MB8-KMGELR-L78D', NULL, NULL, NULL, 100000210646549),
(36, 1, NULL, NULL, '33MB8-KMGELR-L78D', NULL, NULL, NULL, 100000210646549),
(37, 1, NULL, NULL, '34MB8-KMGELR-L78D', NULL, NULL, NULL, 100000210646549),
(38, 1, NULL, NULL, '35MB8-KMGELR-L78D', NULL, NULL, NULL, 100000210646549),
(39, 1, NULL, NULL, '36MB8-KMGELR-L78D', NULL, NULL, NULL, 100000210646549),
(40, 1, NULL, NULL, '37MB8-KMGELR-L78D', NULL, NULL, NULL, 100000210646549),
(41, 2, NULL, NULL, '38MB8-KMGELR-L78D', NULL, NULL, NULL, 100000210646549),
(42, 2, NULL, NULL, '39MB8-KMGELR-L78D', NULL, NULL, NULL, 100000210646549),
(43, 1, NULL, NULL, '40MB8-KMGELR-L78D', NULL, NULL, NULL, 100000210646549),
(44, 1, NULL, NULL, '41MB8-KMGELR-L78D', NULL, NULL, NULL, 100000210646549),
(45, 2, NULL, NULL, '42MB8-KMGELR-L78D', NULL, NULL, NULL, 100000210646549),
(46, 2, NULL, NULL, '43MB8-KMGELR-L78D', NULL, NULL, NULL, 100000210646549),
(47, 1, NULL, NULL, '44MB8-KMGELR-L78D', NULL, NULL, NULL, 100000210646549),
(48, 1, NULL, NULL, '45MB8-KMGELR-L78D', NULL, NULL, NULL, 100000210646549),
(49, 2, NULL, NULL, '46MB8-KMGELR-L78D', NULL, NULL, NULL, 100000210646549),
(50, 2, NULL, NULL, '47MB8-KMGELR-L78D', NULL, NULL, NULL, 100000210646549),
(51, 1, NULL, NULL, '48MB8-KMGELR-L78D', NULL, NULL, NULL, 100000210646549),
(52, 1, NULL, NULL, '49MB8-KMGELR-L78D', NULL, NULL, NULL, 100000210646549),
(53, 1, NULL, NULL, '50MB8-KMGELR-L78D', NULL, NULL, NULL, 100000210646549),
(54, 2, NULL, NULL, '51MB8-KMGELR-L78D', NULL, NULL, NULL, 100000210646549),
(55, 2, 1296284369, 1295918117, '52MB8-KMGELR-L78D', 100000210646549, 19, 1, 100000210646549),
(56, 2, NULL, NULL, '53MB8-KMGELR-L78D', NULL, NULL, NULL, 100000210646549),
(57, 2, NULL, NULL, '54MB8-KMGELR-L78D', NULL, NULL, NULL, 100000210646549),
(58, 2, NULL, NULL, '55MB8-KMGELR-L78D', NULL, NULL, NULL, 100000210646549),
(59, 2, NULL, NULL, '56MB8-KMGELR-L78D', NULL, NULL, NULL, 100000210646549),
(60, 2, NULL, NULL, '57MB8-KMGELR-L78D', NULL, NULL, NULL, 100000210646549),
(61, 2, NULL, NULL, '58MB8-KMGELR-L78D', NULL, NULL, NULL, 100000210646549),
(62, 2, NULL, NULL, '59MB8-KMGELR-L78D', NULL, NULL, NULL, 100000210646549),
(63, 2, NULL, NULL, '60MB8-KMGELR-L78D', NULL, NULL, NULL, 100000210646549),
(64, 2, NULL, NULL, '61MB8-KMGELR-L78D', NULL, NULL, NULL, 100000210646549),
(65, 2, NULL, NULL, '62MB8-KMGELR-L78D', NULL, NULL, NULL, 100000210646549),
(66, 2, NULL, NULL, '63MB8-KMGELR-L78D', NULL, NULL, NULL, 100000210646549),
(67, 2, NULL, NULL, '64MB8-KMGELR-L78D', NULL, NULL, NULL, 100000210646549),
(68, 2, NULL, NULL, '65MB8-KMGELR-L78D', NULL, NULL, NULL, 100000210646549),
(69, 1, NULL, NULL, '66MB8-KMGELR-L78D', NULL, NULL, NULL, 100000210646549),
(70, 1, NULL, NULL, '67MB8-KMGELR-L78D', NULL, NULL, NULL, 100000210646549),
(71, 1, NULL, NULL, '68MB8-KMGELR-L78D', NULL, NULL, NULL, 100000210646549),
(72, 1, NULL, NULL, '69MB8-KMGELR-L78D', NULL, NULL, NULL, 100000210646549),
(73, 1, NULL, NULL, '70MB8-KMGELR-L78D', NULL, NULL, NULL, 100000210646549),
(74, 1, NULL, NULL, '71MB8-KMGELR-L78D', NULL, NULL, NULL, 100000210646549),
(75, 1, NULL, NULL, '72MB8-KMGELR-L78D', NULL, NULL, NULL, 100000210646549),
(76, 1, NULL, NULL, '73MB8-KMGELR-L78D', NULL, NULL, NULL, 100000210646549),
(77, 1, NULL, NULL, '74MB8-KMGELR-L78D', NULL, NULL, NULL, 100000210646549),
(78, 1, NULL, NULL, '75MB8-KMGELR-L78D', NULL, NULL, NULL, 100000210646549),
(79, 1, NULL, NULL, '76MB8-KMGELR-L78D', NULL, NULL, NULL, 100000210646549),
(80, 1, NULL, NULL, '77MB8-KMGELR-L78D', NULL, NULL, NULL, 100000210646549),
(81, 1, NULL, NULL, '78MB8-KMGELR-L78D', NULL, NULL, NULL, 100000210646549),
(82, 1, NULL, NULL, '79MB8-KMGELR-L78D', NULL, NULL, NULL, 100000210646549),
(83, 1, NULL, NULL, '80MB8-KMGELR-L78D', NULL, NULL, NULL, 100000210646549),
(84, 1, NULL, NULL, '81MB8-KMGELR-L78D', NULL, NULL, NULL, 100000210646549),
(85, 1, NULL, NULL, '82MB8-KMGELR-L78D', NULL, NULL, NULL, 100000210646549),
(86, 1, NULL, NULL, '83MB8-KMGELR-L78D', NULL, NULL, NULL, 100000210646549),
(87, 1, NULL, NULL, '84MB8-KMGELR-L78D', NULL, NULL, NULL, 100000210646549),
(88, 1, NULL, NULL, '85MB8-KMGELR-L78D', NULL, NULL, NULL, 100000210646549),
(89, 1, NULL, NULL, '86MB8-KMGELR-L78D', NULL, NULL, NULL, 100000210646549),
(90, 1, NULL, NULL, '87MB8-KMGELR-L78D', NULL, NULL, NULL, 100000210646549),
(91, 1, NULL, NULL, '88MB8-KMGELR-L78D', NULL, NULL, NULL, 100000210646549),
(92, 1, NULL, NULL, '89MB8-KMGELR-L78D', NULL, NULL, NULL, 100000210646549),
(93, 1, NULL, NULL, '90MB8-KMGELR-L78D', NULL, NULL, NULL, 100000210646549),
(94, 1, NULL, NULL, '91MB8-KMGELR-L78D', NULL, NULL, NULL, 100000210646549),
(95, 1, NULL, NULL, '92MB8-KMGELR-L78D', NULL, NULL, NULL, 100000210646549),
(96, 1, NULL, NULL, '93MB8-KMGELR-L78D', NULL, NULL, NULL, 100000210646549),
(97, 1, NULL, NULL, '94MB8-KMGELR-L78D', NULL, NULL, NULL, 100000210646549),
(98, 1, NULL, NULL, '95MB8-KMGELR-L78D', NULL, NULL, NULL, 100000210646549),
(99, 1, NULL, NULL, '96MB8-KMGELR-L78D', NULL, NULL, NULL, 100000210646549),
(100, 1, NULL, NULL, '97MB8-KMGELR-L78D', NULL, NULL, NULL, 100000210646549),
(101, 1, NULL, NULL, '98MB8-KMGELR-L78D', NULL, NULL, NULL, 100000210646549),
(102, 1, NULL, NULL, '99MB8-KMGELR-L78D', NULL, NULL, NULL, 100000210646549),
(103, 1, NULL, NULL, '100MB8-KMGELR-L78D', NULL, NULL, NULL, 100000210646549),
(104, 1, NULL, NULL, '101MB8-KMGELR-L78D', NULL, NULL, NULL, 100000210646549),
(105, 1, NULL, NULL, '102MB8-KMGELR-L78D', NULL, NULL, NULL, 100000210646549),
(106, 1, NULL, NULL, '103MB8-KMGELR-L78D', NULL, NULL, NULL, 100000210646549),
(107, 1, NULL, NULL, '104MB8-KMGELR-L78D', NULL, NULL, NULL, 100000210646549),
(108, 1, NULL, NULL, '105MB8-KMGELR-L78D', NULL, NULL, NULL, 100000210646549),
(109, 1, NULL, NULL, '106MB8-KMGELR-L78D', NULL, NULL, NULL, 100000210646549),
(110, 1, NULL, NULL, '107MB8-KMGELR-L78D', NULL, NULL, NULL, 100000210646549),
(111, 1, NULL, NULL, '108MB8-KMGELR-L78D', NULL, NULL, NULL, 100000210646549),
(112, 1, NULL, NULL, '109MB8-KMGELR-L78D', NULL, NULL, NULL, 100000210646549),
(113, 1, NULL, NULL, '110MB8-KMGELR-L78D', NULL, NULL, NULL, 100000210646549),
(114, 1, NULL, NULL, '111MB8-KMGELR-L78D', NULL, NULL, NULL, 100000210646549),
(115, 1, NULL, NULL, '112MB8-KMGELR-L78D', NULL, NULL, NULL, 100000210646549),
(116, 1, NULL, NULL, '113MB8-KMGELR-L78D', NULL, NULL, NULL, 100000210646549),
(117, 1, NULL, NULL, '114MB8-KMGELR-L78D', NULL, NULL, NULL, 100000210646549),
(118, 1, NULL, NULL, '115MB8-KMGELR-L78D', NULL, NULL, NULL, 100000210646549),
(119, 1, NULL, NULL, '116MB8-KMGELR-L78D', NULL, NULL, NULL, 100000210646549),
(120, 1, NULL, NULL, '117MB8-KMGELR-L78D', NULL, NULL, NULL, 100000210646549),
(121, 1, NULL, NULL, '118MB8-KMGELR-L78D', NULL, NULL, NULL, 100000210646549),
(122, 1, NULL, NULL, '119MB8-KMGELR-L78D', NULL, NULL, NULL, 100000210646549),
(123, 1, NULL, NULL, '120MB8-KMGELR-L78D', NULL, NULL, NULL, 100000210646549),
(124, 1, NULL, NULL, '121MB8-KMGELR-L78D', NULL, NULL, NULL, 100000210646549),
(125, 1, NULL, NULL, '122MB8-KMGELR-L78D', NULL, NULL, NULL, 100000210646549),
(126, 1, NULL, NULL, '123MB8-KMGELR-L78D', NULL, NULL, NULL, 100000210646549),
(127, 1, NULL, NULL, '124MB8-KMGELR-L78D', NULL, NULL, NULL, 100000210646549),
(128, 1, NULL, NULL, '125MB8-KMGELR-L78D', NULL, NULL, NULL, 100000210646549),
(129, 1, NULL, NULL, '126MB8-KMGELR-L78D', NULL, NULL, NULL, 100000210646549),
(130, 1, NULL, NULL, '127MB8-KMGELR-L78D', NULL, NULL, NULL, 100000210646549),
(131, 1, NULL, NULL, '128MB8-KMGELR-L78D', NULL, NULL, NULL, 100000210646549),
(132, 1, NULL, NULL, '129MB8-KMGELR-L78D', NULL, NULL, NULL, 100000210646549),
(133, 1, NULL, NULL, '130MB8-KMGELR-L78D', NULL, NULL, NULL, 100000210646549),
(134, 1, NULL, NULL, '131MB8-KMGELR-L78D', NULL, NULL, NULL, 100000210646549),
(135, 1, NULL, NULL, '132MB8-KMGELR-L78D', NULL, NULL, NULL, 100000210646549),
(136, 1, NULL, NULL, '133MB8-KMGELR-L78D', NULL, NULL, NULL, 100000210646549),
(137, 1, NULL, NULL, '134MB8-KMGELR-L78D', NULL, NULL, NULL, 100000210646549),
(138, 1, NULL, NULL, '135MB8-KMGELR-L78D', NULL, NULL, NULL, 100000210646549),
(139, 1, NULL, NULL, '136MB8-KMGELR-L78D', NULL, NULL, NULL, 100000210646549),
(140, 1, NULL, NULL, '137MB8-KMGELR-L78D', NULL, NULL, NULL, 100000210646549),
(141, 1, NULL, NULL, '138MB8-KMGELR-L78D', NULL, NULL, NULL, 100000210646549),
(142, 1, NULL, NULL, '139MB8-KMGELR-L78D', NULL, NULL, NULL, 100000210646549),
(143, 1, NULL, NULL, '140MB8-KMGELR-L78D', NULL, NULL, NULL, 100000210646549),
(144, 1, NULL, NULL, '141MB8-KMGELR-L78D', NULL, NULL, NULL, 100000210646549),
(145, 1, NULL, NULL, '142MB8-KMGELR-L78D', NULL, NULL, NULL, 100000210646549),
(146, 1, NULL, NULL, '143MB8-KMGELR-L78D', NULL, NULL, NULL, 100000210646549),
(147, 1, NULL, NULL, '144MB8-KMGELR-L78D', NULL, NULL, NULL, 100000210646549),
(148, 1, NULL, NULL, '145MB8-KMGELR-L78D', NULL, NULL, NULL, 100000210646549),
(149, 1, NULL, NULL, '146MB8-KMGELR-L78D', NULL, NULL, NULL, 100000210646549),
(150, 1, NULL, NULL, '147MB8-KMGELR-L78D', NULL, NULL, NULL, 100000210646549),
(151, 1, NULL, NULL, '148MB8-KMGELR-L78D', NULL, NULL, NULL, 100000210646549),
(152, 1, NULL, NULL, '149MB8-KMGELR-L78D', NULL, NULL, NULL, 100000210646549),
(153, 1, NULL, NULL, '150MB8-KMGELR-L78D', NULL, NULL, NULL, 100000210646549),
(154, 1, NULL, NULL, '151MB8-KMGELR-L78D', NULL, NULL, NULL, 100000210646549),
(155, 1, NULL, NULL, '152MB8-KMGELR-L78D', NULL, NULL, NULL, 100000210646549),
(156, 1, NULL, NULL, '153MB8-KMGELR-L78D', NULL, NULL, NULL, 100000210646549),
(157, 1, NULL, NULL, '154MB8-KMGELR-L78D', NULL, NULL, NULL, 100000210646549),
(158, 1, NULL, NULL, '155MB8-KMGELR-L78D', NULL, NULL, NULL, 100000210646549),
(159, 1, NULL, NULL, '156MB8-KMGELR-L78D', NULL, NULL, NULL, 100000210646549),
(160, 1, NULL, NULL, '157MB8-KMGELR-L78D', NULL, NULL, NULL, 100000210646549),
(161, 1, NULL, NULL, '158MB8-KMGELR-L78D', NULL, NULL, NULL, 100000210646549),
(162, 1, NULL, NULL, '159MB8-KMGELR-L78D', NULL, NULL, NULL, 100000210646549),
(163, 1, NULL, NULL, '160MB8-KMGELR-L78D', NULL, NULL, NULL, 100000210646549),
(164, 1, NULL, NULL, '161MB8-KMGELR-L78D', NULL, NULL, NULL, 100000210646549),
(165, 1, NULL, NULL, '162MB8-KMGELR-L78D', NULL, NULL, NULL, 100000210646549),
(166, 1, NULL, NULL, '163MB8-KMGELR-L78D', NULL, NULL, NULL, 100000210646549),
(167, 1, NULL, NULL, '164MB8-KMGELR-L78D', NULL, NULL, NULL, 100000210646549),
(168, 1, NULL, NULL, '165MB8-KMGELR-L78D', NULL, NULL, NULL, 100000210646549),
(169, 1, NULL, NULL, '166MB8-KMGELR-L78D', NULL, NULL, NULL, 100000210646549),
(170, 1, NULL, NULL, '167MB8-KMGELR-L78D', NULL, NULL, NULL, 100000210646549),
(171, 1, NULL, NULL, '168MB8-KMGELR-L78D', NULL, NULL, NULL, 100000210646549),
(172, 1, NULL, NULL, '169MB8-KMGELR-L78D', NULL, NULL, NULL, 100000210646549),
(173, 1, NULL, NULL, '170MB8-KMGELR-L78D', NULL, NULL, NULL, 100000210646549),
(174, 1, NULL, NULL, '171MB8-KMGELR-L78D', NULL, NULL, NULL, 100000210646549),
(175, 1, NULL, NULL, '172MB8-KMGELR-L78D', NULL, NULL, NULL, 100000210646549),
(176, 1, NULL, NULL, '173MB8-KMGELR-L78D', NULL, NULL, NULL, 100000210646549),
(177, 1, NULL, NULL, '174MB8-KMGELR-L78D', NULL, NULL, NULL, 100000210646549),
(178, 1, NULL, NULL, '175MB8-KMGELR-L78D', NULL, NULL, NULL, 100000210646549),
(179, 1, NULL, NULL, '176MB8-KMGELR-L78D', NULL, NULL, NULL, 100000210646549),
(180, 1, NULL, NULL, '177MB8-KMGELR-L78D', NULL, NULL, NULL, 100000210646549),
(181, 1, NULL, NULL, '178MB8-KMGELR-L78D', NULL, NULL, NULL, 100000210646549),
(182, 1, NULL, NULL, '179MB8-KMGELR-L78D', NULL, NULL, NULL, 100000210646549),
(183, 1, NULL, NULL, '180MB8-KMGELR-L78D', NULL, NULL, NULL, 100000210646549),
(184, 1, NULL, NULL, '181MB8-KMGELR-L78D', NULL, NULL, NULL, 100000210646549),
(185, 1, NULL, NULL, '182MB8-KMGELR-L78D', NULL, NULL, NULL, 100000210646549),
(186, 1, NULL, NULL, '183MB8-KMGELR-L78D', NULL, NULL, NULL, 100000210646549),
(187, 1, NULL, NULL, '184MB8-KMGELR-L78D', NULL, NULL, NULL, 100000210646549),
(188, 1, NULL, NULL, '185MB8-KMGELR-L78D', NULL, NULL, NULL, 100000210646549),
(189, 1, NULL, NULL, '186MB8-KMGELR-L78D', NULL, NULL, NULL, 100000210646549),
(190, 1, NULL, NULL, '187MB8-KMGELR-L78D', NULL, NULL, NULL, 100000210646549),
(191, 1, NULL, NULL, '188MB8-KMGELR-L78D', NULL, NULL, NULL, 100000210646549),
(192, 1, NULL, NULL, '189MB8-KMGELR-L78D', NULL, NULL, NULL, 100000210646549),
(193, 1, NULL, NULL, '190MB8-KMGELR-L78D', NULL, NULL, NULL, 100000210646549),
(194, 1, NULL, NULL, '191MB8-KMGELR-L78D', NULL, NULL, NULL, 100000210646549),
(195, 1, NULL, NULL, '192MB8-KMGELR-L78D', NULL, NULL, NULL, 100000210646549),
(196, 1, NULL, NULL, '193MB8-KMGELR-L78D', NULL, NULL, NULL, 100000210646549),
(197, 1, NULL, NULL, '194MB8-KMGELR-L78D', NULL, NULL, NULL, 100000210646549),
(198, 1, NULL, NULL, '195MB8-KMGELR-L78D', NULL, NULL, NULL, 100000210646549),
(199, 1, NULL, NULL, '196MB8-KMGELR-L78D', NULL, NULL, NULL, 100000210646549),
(200, 1, NULL, NULL, '197MB8-KMGELR-L78D', NULL, NULL, NULL, 100000210646549),
(201, 1, NULL, NULL, '198MB8-KMGELR-L78D', NULL, NULL, NULL, 100000210646549),
(202, 1, NULL, NULL, '199MB8-KMGELR-L78D', NULL, NULL, NULL, 100000210646549),
(203, 1, NULL, NULL, '200MB8-KMGELR-L78D', NULL, NULL, NULL, 100000210646549),
(204, 1, NULL, NULL, '201MB8-KMGELR-L78D', NULL, NULL, NULL, 100000210646549),
(205, 1, NULL, NULL, '202MB8-KMGELR-L78D', NULL, NULL, NULL, 100000210646549),
(206, 1, NULL, NULL, '203MB8-KMGELR-L78D', NULL, NULL, NULL, 100000210646549),
(207, 1, NULL, NULL, '204MB8-KMGELR-L78D', NULL, NULL, NULL, 100000210646549),
(208, 1, NULL, NULL, '205MB8-KMGELR-L78D', NULL, NULL, NULL, 100000210646549),
(209, 1, NULL, NULL, '206MB8-KMGELR-L78D', NULL, NULL, NULL, 100000210646549),
(210, 1, NULL, NULL, '207MB8-KMGELR-L78D', NULL, NULL, NULL, 100000210646549),
(211, 1, NULL, NULL, '208MB8-KMGELR-L78D', NULL, NULL, NULL, 100000210646549),
(212, 1, NULL, NULL, '209MB8-KMGELR-L78D', NULL, NULL, NULL, 100000210646549),
(213, 1, NULL, NULL, '210MB8-KMGELR-L78D', NULL, NULL, NULL, 100000210646549),
(214, 1, NULL, NULL, '211MB8-KMGELR-L78D', NULL, NULL, NULL, 100000210646549),
(215, 1, NULL, NULL, '212MB8-KMGELR-L78D', NULL, NULL, NULL, 100000210646549),
(216, 1, NULL, NULL, '213MB8-KMGELR-L78D', NULL, NULL, NULL, 100000210646549),
(217, 1, NULL, NULL, '214MB8-KMGELR-L78D', NULL, NULL, NULL, 100000210646549),
(218, 1, NULL, NULL, '215MB8-KMGELR-L78D', NULL, NULL, NULL, 100000210646549),
(219, 1, NULL, NULL, '216MB8-KMGELR-L78D', NULL, NULL, NULL, 100000210646549),
(220, 1, NULL, NULL, '217MB8-KMGELR-L78D', NULL, NULL, NULL, 100000210646549),
(221, 1, NULL, NULL, '218MB8-KMGELR-L78D', NULL, NULL, NULL, 100000210646549),
(222, 1, NULL, NULL, '219MB8-KMGELR-L78D', NULL, NULL, NULL, 100000210646549),
(223, 1, NULL, NULL, '220MB8-KMGELR-L78D', NULL, NULL, NULL, 100000210646549),
(224, 1, NULL, NULL, '221MB8-KMGELR-L78D', NULL, NULL, NULL, 100000210646549),
(225, 1, NULL, NULL, '222MB8-KMGELR-L78D', NULL, NULL, NULL, 100000210646549),
(226, 1, NULL, NULL, '223MB8-KMGELR-L78D', NULL, NULL, NULL, 100000210646549),
(227, 1, NULL, NULL, '224MB8-KMGELR-L78D', NULL, NULL, NULL, 100000210646549),
(228, 1, NULL, NULL, '225MB8-KMGELR-L78D', NULL, NULL, NULL, 100000210646549),
(229, 1, NULL, NULL, '226MB8-KMGELR-L78D', NULL, NULL, NULL, 100000210646549),
(230, 1, NULL, NULL, '227MB8-KMGELR-L78D', NULL, NULL, NULL, 100000210646549),
(231, 1, NULL, NULL, '228MB8-KMGELR-L78D', NULL, NULL, NULL, 100000210646549),
(232, 1, NULL, NULL, '229MB8-KMGELR-L78D', NULL, NULL, NULL, 100000210646549),
(233, 1, NULL, NULL, '230MB8-KMGELR-L78D', NULL, NULL, NULL, 100000210646549),
(234, 1, NULL, NULL, '231MB8-KMGELR-L78D', NULL, NULL, NULL, 100000210646549),
(235, 1, NULL, NULL, '232MB8-KMGELR-L78D', NULL, NULL, NULL, 100000210646549),
(236, 1, NULL, NULL, '233MB8-KMGELR-L78D', NULL, NULL, NULL, 100000210646549),
(237, 1, NULL, NULL, '234MB8-KMGELR-L78D', NULL, NULL, NULL, 100000210646549),
(238, 1, NULL, NULL, '235MB8-KMGELR-L78D', NULL, NULL, NULL, 100000210646549),
(239, 1, NULL, NULL, '236MB8-KMGELR-L78D', NULL, NULL, NULL, 100000210646549),
(240, 1, NULL, NULL, '237MB8-KMGELR-L78D', NULL, NULL, NULL, 100000210646549),
(241, 1, NULL, NULL, '238MB8-KMGELR-L78D', NULL, NULL, NULL, 100000210646549),
(242, 1, NULL, NULL, '239MB8-KMGELR-L78D', NULL, NULL, NULL, 100000210646549),
(243, 1, NULL, NULL, '240MB8-KMGELR-L78D', NULL, NULL, NULL, 100000210646549),
(244, 1, NULL, NULL, '241MB8-KMGELR-L78D', NULL, NULL, NULL, 100000210646549),
(245, 1, NULL, NULL, '242MB8-KMGELR-L78D', NULL, NULL, NULL, 100000210646549),
(246, 1, NULL, NULL, '243MB8-KMGELR-L78D', NULL, NULL, NULL, 100000210646549),
(247, 1, NULL, NULL, '244MB8-KMGELR-L78D', NULL, NULL, NULL, 100000210646549),
(248, 1, NULL, NULL, '245MB8-KMGELR-L78D', NULL, NULL, NULL, 100000210646549),
(249, 1, NULL, NULL, '246MB8-KMGELR-L78D', NULL, NULL, NULL, 100000210646549),
(250, 1, NULL, NULL, '247MB8-KMGELR-L78D', NULL, NULL, NULL, 100000210646549),
(251, 1, NULL, NULL, '248MB8-KMGELR-L78D', NULL, NULL, NULL, 100000210646549),
(252, 1, NULL, NULL, '249MB8-KMGELR-L78D', NULL, NULL, NULL, 100000210646549),
(253, 1, NULL, NULL, '250MB8-KMGELR-L78D', NULL, NULL, NULL, 100000210646549),
(254, 1, NULL, NULL, '251MB8-KMGELR-L78D', NULL, NULL, NULL, 100000210646549),
(255, 1, NULL, NULL, '252MB8-KMGELR-L78D', NULL, NULL, NULL, 100000210646549),
(256, 1, NULL, NULL, '253MB8-KMGELR-L78D', NULL, NULL, NULL, 100000210646549),
(257, 1, NULL, NULL, '254MB8-KMGELR-L78D', NULL, NULL, NULL, 100000210646549),
(258, 1, NULL, NULL, '255MB8-KMGELR-L78D', NULL, NULL, NULL, 100000210646549),
(259, 1, NULL, NULL, '256MB8-KMGELR-L78D', NULL, NULL, NULL, 100000210646549),
(260, 1, NULL, NULL, '257MB8-KMGELR-L78D', NULL, NULL, NULL, 100000210646549),
(261, 1, NULL, NULL, '258MB8-KMGELR-L78D', NULL, NULL, NULL, 100000210646549),
(262, 1, NULL, NULL, '259MB8-KMGELR-L78D', NULL, NULL, NULL, 100000210646549),
(263, 1, NULL, NULL, '260MB8-KMGELR-L78D', NULL, NULL, NULL, 100000210646549),
(264, 1, NULL, NULL, '261MB8-KMGELR-L78D', NULL, NULL, NULL, 100000210646549),
(265, 1, NULL, NULL, '262MB8-KMGELR-L78D', NULL, NULL, NULL, 100000210646549),
(266, 1, NULL, NULL, '263MB8-KMGELR-L78D', NULL, NULL, NULL, 100000210646549),
(267, 1, NULL, NULL, '264MB8-KMGELR-L78D', NULL, NULL, NULL, 100000210646549),
(268, 1, NULL, NULL, '265MB8-KMGELR-L78D', NULL, NULL, NULL, 100000210646549),
(269, 1, NULL, NULL, '266MB8-KMGELR-L78D', NULL, NULL, NULL, 100000210646549),
(270, 1, NULL, NULL, '267MB8-KMGELR-L78D', NULL, NULL, NULL, 100000210646549),
(271, 1, NULL, NULL, '268MB8-KMGELR-L78D', NULL, NULL, NULL, 100000210646549),
(272, 1, NULL, NULL, '269MB8-KMGELR-L78D', NULL, NULL, NULL, 100000210646549),
(273, 1, NULL, NULL, '270MB8-KMGELR-L78D', NULL, NULL, NULL, 100000210646549),
(274, 1, NULL, NULL, '271MB8-KMGELR-L78D', NULL, NULL, NULL, 100000210646549),
(275, 1, NULL, NULL, '272MB8-KMGELR-L78D', NULL, NULL, NULL, 100000210646549),
(276, 1, NULL, NULL, '273MB8-KMGELR-L78D', NULL, NULL, NULL, 100000210646549),
(277, 1, NULL, NULL, '274MB8-KMGELR-L78D', NULL, NULL, NULL, 100000210646549),
(278, 1, NULL, NULL, '275MB8-KMGELR-L78D', NULL, NULL, NULL, 100000210646549),
(279, 1, NULL, NULL, '276MB8-KMGELR-L78D', NULL, NULL, NULL, 100000210646549),
(280, 1, NULL, NULL, '277MB8-KMGELR-L78D', NULL, NULL, NULL, 100000210646549),
(281, 1, NULL, NULL, '278MB8-KMGELR-L78D', NULL, NULL, NULL, 100000210646549),
(282, 1, NULL, NULL, '279MB8-KMGELR-L78D', NULL, NULL, NULL, 100000210646549),
(283, 1, NULL, NULL, '280MB8-KMGELR-L78D', NULL, NULL, NULL, 100000210646549),
(284, 1, NULL, NULL, '281MB8-KMGELR-L78D', NULL, NULL, NULL, 100000210646549),
(285, 1, NULL, NULL, '282MB8-KMGELR-L78D', NULL, NULL, NULL, 100000210646549);

-- --------------------------------------------------------

--
-- Table structure for table `groups`
--

CREATE TABLE IF NOT EXISTS `groups` (
  `group_id` int(11) NOT NULL,
  `group_name` varchar(255) COLLATE latin1_general_ci NOT NULL,
  `timestamp` timestamp NOT NULL DEFAULT CURRENT_TIMESTAMP,
  `created` int(255) NOT NULL,
  `admin` bigint(50) DEFAULT '100000210646549',
  `donated_value` varchar(255) COLLATE latin1_general_ci DEFAULT NULL,
  `imageSrc` varchar(255) COLLATE latin1_general_ci DEFAULT NULL,
  PRIMARY KEY (`group_id`)
) ENGINE=MyISAM DEFAULT CHARSET=latin1 COLLATE=latin1_general_ci;

--
-- Dumping data for table `groups`
--

INSERT INTO `groups` (`group_id`, `group_name`, `timestamp`, `created`, `admin`, `donated_value`, `imageSrc`) VALUES
(1, 'The Greatest Soundtrack of All Time', '2011-01-18 20:50:01', 1294663901, 100000210646549, '200', 'profile.gif'),
(0, 'Top 20', '2011-01-25 01:37:10', 1, 100000210646549, '84', 'profile.gif'),
(2, 'Tribute to Diversity', '0000-00-00 00:00:00', 0, 100000210646549, '50', 'profile.gif');

-- --------------------------------------------------------

--
-- Table structure for table `group_track_ref`
--

CREATE TABLE IF NOT EXISTS `group_track_ref` (
  `group_id` int(11) NOT NULL,
  `track_id` int(11) NOT NULL
) ENGINE=MyISAM DEFAULT CHARSET=latin1 COLLATE=latin1_general_ci;

--
-- Dumping data for table `group_track_ref`
--

INSERT INTO `group_track_ref` (`group_id`, `track_id`) VALUES
(1, 10),
(1, 6),
(1, 1),
(1, 14),
(1, 15),
(1, 11),
(1, 12),
(1, 13),
(1, 16),
(1, 17),
(1, 18),
(1, 19),
(0, 20),
(0, 21),
(0, 22),
(0, 23),
(0, 24);

-- --------------------------------------------------------

--
-- Table structure for table `group_user_ref`
--

CREATE TABLE IF NOT EXISTS `group_user_ref` (
  `group_id` int(15) NOT NULL,
  `fb_id` bigint(15) NOT NULL,
  `max_codes` int(11) NOT NULL DEFAULT '1',
  `added` int(50) DEFAULT '0',
  `timestamp` timestamp NOT NULL DEFAULT CURRENT_TIMESTAMP,
  `donated_value` int(4) DEFAULT NULL
) ENGINE=MyISAM DEFAULT CHARSET=latin1 COLLATE=latin1_general_ci;

--
-- Dumping data for table `group_user_ref`
--

INSERT INTO `group_user_ref` (`group_id`, `fb_id`, `max_codes`, `added`, `timestamp`, `donated_value`) VALUES
(1, 583636738, 5, 1295821473, '2011-01-23 22:24:33', NULL),
(1, 504609513, 5, 1295821473, '2011-01-23 22:24:33', NULL),
(1, 100000701447396, 5, 1295821473, '2011-01-23 22:24:33', NULL),
(1, 512494973, 5, 1295821473, '2011-01-23 22:24:33', NULL),
(1, 738261947, 5, 1295821473, '2011-01-23 22:24:33', NULL),
(1, 511282413, 5, 1295821473, '2011-01-23 22:24:33', NULL),
(1, 100001345778761, 5, 1295821473, '2011-01-23 22:24:33', NULL),
(1, 1311837059, 5, 1295821473, '2011-01-23 22:24:33', NULL),
(1, 1788361789, 5, 1295821473, '2011-01-23 22:24:33', NULL),
(1, 790415466, 5, 1295821473, '2011-01-23 22:24:33', NULL),
(1, 1108202007, 5, 1295821473, '2011-01-23 22:24:33', NULL),
(1, 17700765, 5, 1295821473, '2011-01-23 22:24:33', NULL),
(1, 1616330868, 5, 1295821473, '2011-01-23 22:24:33', NULL),
(1, 1043650727, 5, 1295821473, '2011-01-23 22:24:33', NULL),
(1, 691387058, 5, 1295821473, '2011-01-23 22:24:33', NULL),
(1, 10606644, 5, 1295821473, '2011-01-23 22:24:33', NULL),
(1, 1402877, 5, 1295821473, '2011-01-23 22:24:33', NULL),
(1, 736852941, 5, 1295821473, '2011-01-23 22:24:33', NULL),
(1, 586290455, 5, 1295821473, '2011-01-23 22:24:33', NULL),
(1, 8211814, 5, 1295821473, '2011-01-23 22:24:33', NULL),
(1, 608607951, 5, 1295821473, '2011-01-23 22:24:33', NULL),
(1, 590465643, 5, 1295821473, '2011-01-23 22:24:33', NULL),
(1, 549718199, 5, 1295821473, '2011-01-23 22:24:33', NULL),
(1, 507487176, 5, 1295821473, '2011-01-23 22:24:33', NULL),
(1, 788188336, 5, 1295821473, '2011-01-23 22:24:33', NULL),
(1, 617950752, 5, 1295821473, '2011-01-23 22:24:33', NULL),
(1, 800785645, 5, 1295821473, '2011-01-23 22:24:33', NULL),
(1, 1403545699, 5, 1295821473, '2011-01-23 22:24:33', NULL),
(1, 1003222, 5, 1295821473, '2011-01-23 22:24:33', NULL),
(1, 100001356973489, 5, 1295821473, '2011-01-23 22:24:33', NULL),
(1, 4559, 5, 1295821473, '2011-01-23 22:24:33', NULL),
(1, 673292084, 5, 1295821473, '2011-01-23 22:24:33', NULL),
(1, 1018528117, 5, 1295821473, '2011-01-23 22:24:33', NULL),
(1, 104941, 5, 1295821473, '2011-01-23 22:24:33', NULL),
(1, 19401352, 5, 1295821473, '2011-01-23 22:24:33', NULL),
(1, 1363369913, 5, 1295821473, '2011-01-23 22:24:33', NULL),
(1, 1481708337, 5, 1295821473, '2011-01-23 22:24:33', NULL),
(1, 132500916, 5, 1295821473, '2011-01-23 22:24:33', NULL),
(1, 5316413, 5, 1295821473, '2011-01-23 22:24:33', NULL),
(1, 1296061644, 5, 1295821473, '2011-01-23 22:24:33', NULL),
(1, 777638845, 5, 1295821473, '2011-01-23 22:24:33', NULL),
(1, 669870581, 5, 1295821473, '2011-01-23 22:24:33', NULL),
(1, 100000265282031, 5, 1295821473, '2011-01-23 22:24:33', NULL),
(1, 591202351, 5, 1295821473, '2011-01-23 22:24:33', NULL),
(1, 857035061, 5, 1295821473, '2011-01-23 22:24:33', NULL),
(1, 100000320260717, 5, 1295821473, '2011-01-23 22:24:33', NULL),
(1, 7101577, 5, 1295821473, '2011-01-23 22:24:33', NULL),
(1, 100001599983738, 5, 1295821473, '2011-01-23 22:24:33', NULL),
(1, 908852, 5, 1295821473, '2011-01-23 22:24:33', NULL),
(1, 572909965, 5, 1295821473, '2011-01-23 22:24:33', NULL),
(1, 1176158925, 5, 1295821473, '2011-01-23 22:24:33', NULL),
(1, 572202020, 5, 1295821473, '2011-01-23 22:24:33', NULL),
(1, 704994041, 5, 1295821473, '2011-01-23 22:24:33', NULL),
(1, 1208096958, 5, 1295821473, '2011-01-23 22:24:33', NULL),
(1, 1036223286, 5, 1295821473, '2011-01-23 22:24:33', NULL),
(1, 7102472, 5, 1295821473, '2011-01-23 22:24:33', NULL),
(1, 1079599033, 5, 1295821473, '2011-01-23 22:24:33', NULL),
(1, 37005227, 5, 1295821473, '2011-01-23 22:24:33', NULL),
(1, 521101146, 5, 1295821473, '2011-01-23 22:24:33', NULL),
(1, 3607340, 5, 1295821473, '2011-01-23 22:24:33', NULL),
(1, 100000700997220, 5, 1295821473, '2011-01-23 22:24:33', NULL),
(1, 2100452, 5, 1295821473, '2011-01-23 22:24:33', NULL),
(1, 856935550, 5, 1295821473, '2011-01-23 22:24:33', NULL),
(1, 765394757, 5, 1295821473, '2011-01-23 22:24:33', NULL),
(1, 515626068, 5, 1295821473, '2011-01-23 22:24:33', NULL),
(1, 1653255277, 5, 1295821473, '2011-01-23 22:24:33', NULL),
(1, 633450726, 5, 1295821473, '2011-01-23 22:24:33', NULL),
(1, 7103910, 5, 1295821473, '2011-01-23 22:24:33', NULL),
(1, 584477023, 5, 1295821473, '2011-01-23 22:24:33', NULL),
(1, 1075430204, 5, 1295821473, '2011-01-23 22:24:33', NULL),
(1, 3303767, 5, 1295821473, '2011-01-23 22:24:33', NULL),
(1, 1109679526, 5, 1295821473, '2011-01-23 22:24:33', NULL),
(1, 100001223288905, 5, 1295821473, '2011-01-23 22:24:33', NULL),
(1, 574109424, 5, 1295821473, '2011-01-23 22:24:33', NULL),
(1, 1221411, 5, 1295821473, '2011-01-23 22:24:33', NULL),
(1, 1395597212, 5, 1295821473, '2011-01-23 22:24:33', NULL),
(1, 699085441, 5, 1295821473, '2011-01-23 22:24:33', NULL),
(1, 1406864, 5, 1295821473, '2011-01-23 22:24:33', NULL),
(1, 502674675, 5, 1295821473, '2011-01-23 22:24:33', NULL),
(1, 1004754348, 5, 1295821473, '2011-01-23 22:24:33', NULL),
(1, 100000364493073, 5, 1295821473, '2011-01-23 22:24:33', NULL),
(1, 604811254, 5, 1295821473, '2011-01-23 22:24:33', NULL),
(1, 519944892, 5, 1295821473, '2011-01-23 22:24:33', NULL),
(1, 1098560065, 5, 1295821473, '2011-01-23 22:24:33', NULL),
(1, 1653922768, 5, 1295821473, '2011-01-23 22:24:33', NULL),
(1, 5309570, 5, 1295821473, '2011-01-23 22:24:33', NULL),
(1, 10025334, 5, 1295821473, '2011-01-23 22:24:33', NULL),
(1, 8903868, 5, 1295821473, '2011-01-23 22:24:33', NULL),
(1, 1012934991, 5, 1295821473, '2011-01-23 22:24:33', NULL),
(1, 1023080024, 5, 1295821473, '2011-01-23 22:24:33', NULL),
(1, 513782064, 5, 1295821473, '2011-01-23 22:24:33', NULL),
(1, 816867, 5, 1295821473, '2011-01-23 22:24:33', NULL),
(1, 1083860092, 5, 1295821473, '2011-01-23 22:24:33', NULL),
(1, 1302854, 5, 1295821473, '2011-01-23 22:24:33', NULL),
(1, 1008613773, 5, 1295821473, '2011-01-23 22:24:33', NULL),
(1, 1487680115, 5, 1295821473, '2011-01-23 22:24:33', NULL),
(1, 580736154, 5, 1295821473, '2011-01-23 22:24:33', NULL),
(1, 597903641, 5, 1295821473, '2011-01-23 22:24:33', NULL),
(1, 1606778918, 5, 1295821473, '2011-01-23 22:24:33', NULL),
(1, 507355503, 5, 1295821473, '2011-01-23 22:24:33', NULL),
(1, 100000669266806, 5, 1295821473, '2011-01-23 22:24:33', NULL),
(1, 100000210646549, 20, 1295821473, '2011-01-23 22:24:33', 200),
(0, 100000210646550, 10, 1295920336, '2011-01-25 01:52:16', NULL),
(0, 583636738, 10, 1295920336, '2011-01-25 01:52:16', NULL),
(0, 504609513, 10, 1295920336, '2011-01-25 01:52:16', NULL),
(0, 100000701447400, 10, 1295920336, '2011-01-25 01:52:16', NULL),
(0, 512494973, 10, 1295920336, '2011-01-25 01:52:16', NULL),
(0, 738261947, 10, 1295920336, '2011-01-25 01:52:16', NULL),
(0, 511282413, 10, 1295920336, '2011-01-25 01:52:16', NULL),
(0, 100001345778760, 10, 1295920336, '2011-01-25 01:52:16', NULL),
(0, 1311837059, 10, 1295920336, '2011-01-25 01:52:16', NULL),
(0, 1788361789, 10, 1295920336, '2011-01-25 01:52:16', NULL),
(0, 790415466, 10, 1295920336, '2011-01-25 01:52:16', NULL),
(0, 1108202007, 10, 1295920336, '2011-01-25 01:52:16', NULL),
(0, 17700765, 10, 1295920336, '2011-01-25 01:52:16', NULL),
(0, 736852941, 10, 1295920336, '2011-01-25 01:52:16', NULL),
(0, 1616330868, 10, 1295920336, '2011-01-25 01:52:16', NULL),
(0, 1043650727, 10, 1295920336, '2011-01-25 01:52:16', NULL),
(0, 1043650727, 10, 1295920336, '2011-01-25 01:52:16', NULL),
(0, 100000210646549, 20, 1295920336, '2011-01-25 03:07:11', 84),
(2, 100000210646549, 10, 0, '0000-00-00 00:00:00', 50);

-- --------------------------------------------------------

--
-- Table structure for table `playlists`
--

CREATE TABLE IF NOT EXISTS `playlists` (
  `playlist_id` int(15) NOT NULL AUTO_INCREMENT,
  `playlist_name` varchar(255) COLLATE latin1_general_ci NOT NULL,
  `timestamp` timestamp NOT NULL DEFAULT CURRENT_TIMESTAMP,
  `created` int(11) NOT NULL,
  `fb_id` bigint(50) NOT NULL,
  PRIMARY KEY (`playlist_id`)
) ENGINE=MyISAM DEFAULT CHARSET=latin1 COLLATE=latin1_general_ci AUTO_INCREMENT=1 ;

-- --------------------------------------------------------

--
-- Table structure for table `playlist_track_ref`
--

CREATE TABLE IF NOT EXISTS `playlist_track_ref` (
  `playlist_id` int(11) NOT NULL,
  `track_id` int(11) NOT NULL,
  `timestamp` timestamp NOT NULL DEFAULT CURRENT_TIMESTAMP
) ENGINE=MyISAM DEFAULT CHARSET=latin1 COLLATE=latin1_general_ci;

-- --------------------------------------------------------

--
-- Table structure for table `tracking`
--

CREATE TABLE IF NOT EXISTS `tracking` (
  `event` varchar(50) COLLATE latin1_general_ci NOT NULL,
  `timestamp` timestamp NOT NULL DEFAULT CURRENT_TIMESTAMP ON UPDATE CURRENT_TIMESTAMP,
  `fb_id` bigint(15) NOT NULL,
  `url` varchar(255) COLLATE latin1_general_ci NOT NULL,
  `param1` varchar(255) COLLATE latin1_general_ci DEFAULT NULL,
  `group_id` int(15) DEFAULT NULL
) ENGINE=MyISAM DEFAULT CHARSET=latin1 COLLATE=latin1_general_ci;

--
-- Dumping data for table `tracking`
--

INSERT INTO `tracking` (`event`, `timestamp`, `fb_id`, `url`, `param1`, `group_id`) VALUES
('code_clicked', '2011-01-12 07:04:29', 100000210646549, 'www.amazon.com', '1MB8-KMGELR-L78D', NULL),
('code_clicked', '2011-01-12 08:37:27', 790415466, 'www.amazon.com', '282MB8-KMGELR-L78D', NULL),
('code_clicked', '2011-01-13 02:52:36', 100000210646549, 'www.cdbaby.com', '8MB8-KMGELR-L78D', NULL),
('code_clicked', '2011-01-13 03:43:02', 100000210646549, 'www.cdbaby.com', '15MB8-KMGELR-L78D', NULL),
('code_clicked', '2011-01-14 03:30:27', 1395597212, 'www.itunes.com', '7MB8-KMGELR-L78D', NULL),
('code_clicked', '2011-01-24 07:24:51', 100000210646549, 'www.ilike.com', '51MB8-KMGELR-L78D', NULL),
('code_clicked', '2011-01-24 07:51:22', 100000210646549, 'www.cdbaby.com', '15MB8-KMGELR-L78D', NULL),
('code_clicked', '2011-01-24 10:14:51', 504609513, 'www.ilike.com', '51MB8-KMGELR-L78D', NULL),
('code_clicked', '2011-01-29 06:26:46', 100000210646549, 'www.ilike.com', '52MB8-KMGELR-L78D', NULL),
('code_clicked', '2011-01-30 00:09:39', 100000210646549, 'www.amazon.com', '6MB8-KMGELR-L78D', NULL),
('code_clicked', '2011-01-30 00:46:23', 100000210646549, 'www.amazon.com', '9MB8-KMGELR-L78D', NULL),
('code_clicked', '2011-01-30 04:02:37', 100000210646549, 'www.itunes.com', '12MB8-KMGELR-L78D', NULL);

-- --------------------------------------------------------

--
-- Table structure for table `tracks`
--

CREATE TABLE IF NOT EXISTS `tracks` (
  `track_id` int(11) NOT NULL AUTO_INCREMENT,
  `title` varchar(255) COLLATE latin1_general_ci NOT NULL,
  `artist` varchar(50) COLLATE latin1_general_ci NOT NULL,
  `album` varchar(100) COLLATE latin1_general_ci DEFAULT NULL,
  `released` varchar(50) COLLATE latin1_general_ci DEFAULT NULL,
  `genre` varchar(50) COLLATE latin1_general_ci DEFAULT NULL,
  `location` varchar(255) COLLATE latin1_general_ci DEFAULT NULL,
  `reason` text COLLATE latin1_general_ci,
  `image` varchar(255) COLLATE latin1_general_ci DEFAULT NULL,
  `download_code_id` int(50) NOT NULL,
  `vendor_id` tinyint(1) NOT NULL,
  `fb_id` bigint(50) NOT NULL,
  `timestamp` timestamp NOT NULL DEFAULT CURRENT_TIMESTAMP,
  `dedication` varchar(255) COLLATE latin1_general_ci DEFAULT NULL,
  PRIMARY KEY (`track_id`)
) ENGINE=MyISAM  DEFAULT CHARSET=latin1 COLLATE=latin1_general_ci AUTO_INCREMENT=25 ;

--
-- Dumping data for table `tracks`
--

INSERT INTO `tracks` (`track_id`, `title`, `artist`, `album`, `released`, `genre`, `location`, `reason`, `image`, `download_code_id`, `vendor_id`, `fb_id`, `timestamp`, `dedication`) VALUES
(10, 'Old Love', 'Eric Clapton', 'Journyman', '1995', 'Blues', '01_This_goes_out_to_the_blocks.mp3', 'Like most of is, i go through phases. This month it''s been blues and classic hard rock. From Jimmy Hendrick, to sf native Santana, through the original blue eye souls (and i don''t mean justic timberlake:  stevie ray vaughn, 10 days after, peter green, and the dire straights).', NULL, 4, 2, 100000210646549, '2011-01-23 22:05:32', NULL),
(6, 'Camero', 'Kings of Leon', '?', '1995', 'Blues', '08_So_Many_Tears.mp3', 'kings of leon are awesome', NULL, 2, 1, 100000210646549, '2011-01-23 22:05:32', NULL),
(17, 'In the middle of the night', '8Ball & MJG', 'Coming out hard', '1992', 'Rap', '05_Track_5.mp3', 'OGs', NULL, 8, 1, 100000210646549, '2011-01-24 09:08:58', NULL),
(1, 'let go', 'imogen heap', '?', '2010', 'New Age', NULL, 'i''ll probably miss most of you with this one, but f$#k it, homegirl is dope!', NULL, 1, 1, 100000210646549, '2011-01-23 22:05:32', NULL),
(14, 'And I Was Like', 'Sok', 'EP', '2010', 'Other', 'Sok_the_Virgo_-_And_I_Was_Like_(feat._Sahar_Miller)_-_4.mp3', 'if you didn''t know. now you know!\n\noh. and he''s a virgo!)', NULL, 7, 1, 100000701447396, '2011-01-23 22:37:33', NULL),
(15, 'earth heals herself', 'buckethead', '', '', 'Rock', 'Sok_the_Virgo_-_I_Came_Around_-_3.mp3', 'dude is fucking amazing!', NULL, 10, 2, 1395597212, '2011-01-23 22:37:49', NULL),
(11, 'The Resistance', 'Drake', '', '', 'Blues', '02_Track_2.mp3', 'you promised me...', NULL, 6, 1, 790415466, '2011-01-23 22:37:33', NULL),
(12, '4am', 'Kaskade', '', '2010', 'Pop', '07_Just_Like_Daddy.mp3', 'house', NULL, 5, 1, 100000210646549, '2011-01-23 22:05:32', NULL),
(13, 'Thank Me Now', 'Drake', '?', '2010', 'Disco', '03_Temptations.mp3', 'a shorter reason', NULL, 11, 1, 100000210646549, '2011-01-23 22:05:32', NULL),
(16, 'Slabo Day', 'Peter Green', '', '', 'Blues', '06_Track_6.mp3', 'pg is a genius', NULL, 18, 1, 100000210646549, '2011-01-24 08:12:41', NULL),
(18, 'Lupe Fiasco', 'The Cool', 'The Cool', '2008', 'Blues', '17_Track_17.mp3', '', NULL, 19, 1, 100000210646549, '2011-01-24 09:21:59', NULL),
(19, 'Penitentiary', 'Citizen Cope', '', '', 'Blues', '004_Track_04.mp3', 'looks like i gotta do a little more reason this dude', NULL, 55, 2, 0, '2011-01-29 06:56:44', NULL),
(20, 'girlfriend blues', 'johnny jones', '', '', 'Blues', '82_Sha_La_La_(Makes_Me_Happy).mp3', 'the original!', NULL, 9, 1, 100000210646549, '2011-01-30 00:11:35', NULL),
(21, 'Scarface', 'Soldier Story', 'Made', '', 'Rap', '12_Tired_of_Being_Alone.mp3', '', NULL, 12, 1, 100000210646549, '2011-01-30 00:47:24', NULL),
(22, 'Living In The Positive', 'Nasio', '', '', 'Reggae', '12_Tired_of_Being_Alone.mp3', 'what we strive for', NULL, 13, 1, 100000210646549, '2011-01-30 02:59:10', NULL),
(23, 'Helvic Head', 'Culann''s Hounds', '', '', 'Blues', NULL, 'incrediblé', NULL, 14, 1, 511282413, '2011-01-30 03:05:11', NULL),
(24, 'Wish Them Well', 'Groundation', '', '', 'Reggae', '12_Tired_of_Being_Alone.mp3', 'local fam', NULL, 17, 1, 511282413, '2011-01-30 03:17:14', NULL);

-- --------------------------------------------------------

--
-- Table structure for table `users`
--

CREATE TABLE IF NOT EXISTS `users` (
  `user_id` bigint(11) NOT NULL AUTO_INCREMENT,
  `fb_id` bigint(11) DEFAULT NULL,
  `fb_json` varchar(255) COLLATE latin1_general_ci DEFAULT NULL,
  `timestamp` timestamp NOT NULL DEFAULT CURRENT_TIMESTAMP,
  `allowed` tinyint(1) NOT NULL DEFAULT '0',
  `top_playlist` int(11) DEFAULT NULL,
  `invited_by` bigint(50) DEFAULT NULL,
  PRIMARY KEY (`user_id`)
) ENGINE=MyISAM  DEFAULT CHARSET=latin1 COLLATE=latin1_general_ci AUTO_INCREMENT=100001599983739 ;

--
-- Dumping data for table `users`
--

INSERT INTO `users` (`user_id`, `fb_id`, `fb_json`, `timestamp`, `allowed`, `top_playlist`, `invited_by`) VALUES
(583636738, 583636738, '{"id":"583636738","name":"Andrea Lamadora Mamasan","first_name":"Andrea","middle_name":"Lamadora","last_name":"Mamasan","link":"http:\\/\\/www.facebook.com\\/people\\/Andrea-Lamadora-Mamasan\\/583636738","gender":"female","locale":"en_US"}', '2010-12-29 11:31:21', 0, NULL, NULL),
(504609513, 504609513, '{"id":"504609513","name":"Carlos Nieto","first_name":"Carlos","last_name":"Nieto","link":"http:\\/\\/www.facebook.com\\/MisterNieto","gender":"male","locale":"en_US"}', '2010-12-29 11:31:21', 0, NULL, NULL),
(100000701447396, 100000701447396, '{"id":"100000701447396","name":"Drew Williams","first_name":"Drew","last_name":"Williams","link":"http:\\/\\/www.facebook.com\\/people\\/Drew-Williams\\/100000701447396","gender":"male","locale":"en_US"}', '2010-12-29 11:31:21', 0, NULL, NULL),
(512494973, 512494973, '{"id":"512494973","name":"Gene Maze","first_name":"Gene","last_name":"Maze","link":"http:\\/\\/www.facebook.com\\/tastemaker.live","gender":"male","locale":"en_US"}', '2010-12-29 11:31:21', 0, NULL, NULL),
(738261947, 738261947, '{"id":"738261947","name":"Jennifer Johns","first_name":"Jennifer","last_name":"Johns","link":"http:\\/\\/www.facebook.com\\/songbyrdjenn","locale":"en_US"}', '2010-12-29 11:31:21', 0, NULL, NULL),
(511282413, 511282413, '{"id":"511282413","name":"Mike Hegazy","first_name":"Mike","last_name":"Hegazy","gender":"male","locale":"en_US"}', '2010-12-29 11:31:21', 0, NULL, NULL),
(100001345778761, 100001345778761, '{"id":"100001345778761","name":"Patrick Anthony Sweeney","first_name":"Patrick Anthony","last_name":"Sweeney","link":"http:\\/\\/www.facebook.com\\/people\\/Patrick-Anthony-Sweeney\\/100001345778761","gender":"male","locale":"en_US"}', '2010-12-29 11:31:21', 0, NULL, NULL),
(1311837059, 1311837059, '{"id":"1311837059","name":"Samuel Taylor","first_name":"Samuel","last_name":"Taylor","link":"http:\\/\\/www.facebook.com\\/people\\/Samuel-Taylor\\/1311837059","gender":"male","locale":"en_US"}', '2010-12-29 11:31:21', 0, NULL, NULL),
(1788361789, 1788361789, '{"id":"1788361789","name":"Cameron Carter","first_name":"Cameron","last_name":"Carter","link":"http:\\/\\/www.facebook.com\\/people\\/Cameron-Carter\\/1788361789","gender":"male","locale":"en_US"}', '2010-12-29 11:31:21', 0, NULL, NULL),
(790415466, 790415466, '{"id":"790415466","name":"Sanaz Jon","first_name":"Sanaz","last_name":"Jon","gender":"female","locale":"en_US"}', '2010-12-29 11:31:21', 0, NULL, NULL),
(1108202007, 1108202007, '{"id":"1108202007","name":"Tongo Eisen-Martin","first_name":"Tongo","last_name":"Eisen-Martin","gender":"male","locale":"en_US"}', '2010-12-29 11:31:21', 0, NULL, NULL),
(17700765, 17700765, '{"id":"17700765","name":"Aaron Fung","first_name":"Aaron","last_name":"Fung","gender":"male","locale":"en_US"}', '2010-12-29 11:31:21', 0, NULL, NULL),
(1616330868, 1616330868, '{"id":"1616330868","name":"Alexandra Norris","first_name":"Alexandra","last_name":"Norris","link":"http:\\/\\/www.facebook.com\\/people\\/Alexandra-Norris\\/1616330868","gender":"female","locale":"en_US"}', '2010-12-29 11:31:21', 0, NULL, NULL),
(1043650727, 1043650727, '{"id":"1043650727","name":"Alexandra Dolores","first_name":"Alexandra","last_name":"Dolores","link":"http:\\/\\/www.facebook.com\\/alexandra.dolores","locale":"en_GB"}', '2010-12-29 11:31:21', 0, NULL, NULL),
(691387058, 691387058, '{"id":"691387058","name":"Abby Goldberg","first_name":"Abby","last_name":"Goldberg","gender":"female","locale":"en_US"}', '2010-12-29 11:31:21', 0, NULL, NULL),
(10606644, 10606644, '{"id":"10606644","name":"Aarin Schlosberg","first_name":"Aarin","last_name":"Schlosberg","link":"http:\\/\\/www.facebook.com\\/people\\/Aarin-Schlosberg\\/10606644","gender":"female","locale":"en_US"}', '2010-12-29 11:31:21', 0, NULL, NULL),
(1402877, 1402877, '{"id":"1402877","name":"Adi J Price","first_name":"Adi","middle_name":"J","last_name":"Price","gender":"male","locale":"en_US"}', '2010-12-29 11:31:21', 0, NULL, NULL),
(736852941, 736852941, '{"id":"736852941","name":"Adam J Coulter","first_name":"Adam","middle_name":"J","last_name":"Coulter","gender":"male","locale":"en_US"}', '2010-12-29 11:31:21', 0, NULL, NULL),
(586290455, 586290455, '{"id":"586290455","name":"Alex Aquino","first_name":"Alex","last_name":"Aquino","gender":"male","locale":"en_US"}', '2010-12-29 11:31:21', 0, NULL, NULL),
(8211814, 8211814, '{"id":"8211814","name":"Alexander Gladney","first_name":"Alexander","last_name":"Gladney","link":"http:\\/\\/www.facebook.com\\/alexander.gladney","locale":"en_US"}', '2010-12-29 11:31:21', 0, NULL, NULL),
(608607951, 608607951, '{"id":"608607951","name":"Ali Wong","first_name":"Ali","last_name":"Wong","link":"http:\\/\\/www.facebook.com\\/aliwong","locale":"en_US"}', '2010-12-29 11:31:21', 0, NULL, NULL),
(590465643, 590465643, '{"id":"590465643","name":"Andrew Lerch","first_name":"Andrew","last_name":"Lerch","link":"http:\\/\\/www.facebook.com\\/ajulian2u","gender":"male","locale":"en_US"}', '2010-12-29 11:31:21', 0, NULL, NULL),
(549718199, 549718199, '{"id":"549718199","name":"Andrew Pelosi","first_name":"Andrew","last_name":"Pelosi","link":"http:\\/\\/www.facebook.com\\/people\\/Andrew-Pelosi\\/549718199","gender":"male","locale":"en_US"}', '2010-12-29 11:31:21', 0, NULL, NULL),
(507487176, 507487176, '{"id":"507487176","name":"Andrew Rothman","first_name":"Andrew","last_name":"Rothman","link":"http:\\/\\/www.facebook.com\\/people\\/Andrew-Rothman\\/507487176","locale":"en_US"}', '2010-12-29 11:31:21', 0, NULL, NULL),
(788188336, 788188336, '{"id":"788188336","name":"Ashley Ashoff Toledano","first_name":"Ashley","middle_name":"Ashoff","last_name":"Toledano","gender":"female","locale":"en_US"}', '2010-12-29 11:31:21', 0, NULL, NULL),
(617950752, 617950752, '{"id":"617950752","name":"Bahram Morid","first_name":"Bahram","last_name":"Morid","link":"http:\\/\\/www.facebook.com\\/people\\/Bahram-Morid\\/617950752","gender":"male","locale":"en_US"}', '2010-12-29 11:31:21', 0, NULL, NULL),
(800785645, 800785645, '{"id":"800785645","name":"Behzaad Morid","first_name":"Behzaad","last_name":"Morid","link":"http:\\/\\/www.facebook.com\\/people\\/Behzaad-Morid\\/800785645","gender":"male","locale":"en_US"}', '2010-12-29 11:31:21', 0, NULL, NULL),
(1403545699, 1403545699, '{"id":"1403545699","name":"Biko Eisen-Martin","first_name":"Biko","last_name":"Eisen-Martin","link":"http:\\/\\/www.facebook.com\\/people\\/Biko-Eisen-Martin\\/1403545699","gender":"male","locale":"en_US"}', '2010-12-29 11:31:21', 0, NULL, NULL),
(1003222, 1003222, '{"id":"1003222","name":"Brady Thomas","first_name":"Brady","last_name":"Thomas","gender":"male","locale":"en_US"}', '2010-12-29 11:31:21', 0, NULL, NULL),
(100001356973489, 100001356973489, '{"id":"100001356973489","name":"Brad Wagner","first_name":"Brad","last_name":"Wagner","link":"http:\\/\\/www.facebook.com\\/people\\/Brad-Wagner\\/100001356973489","gender":"male","locale":"en_US"}', '2010-12-29 11:31:21', 0, NULL, NULL),
(4559, 4559, '{"id":"4559","name":"Brian Matthay","first_name":"Brian","last_name":"Matthay","link":"http:\\/\\/www.facebook.com\\/people\\/Brian-Matthay\\/4559","gender":"male","locale":"en_US"}', '2010-12-29 11:31:21', 0, NULL, NULL),
(673292084, 673292084, '{"id":"673292084","name":"Cha-Cha Jones","first_name":"Cha-Cha","last_name":"Jones","link":"http:\\/\\/www.facebook.com\\/people\\/Cha-Cha-Jones\\/673292084","locale":"en_US"}', '2010-12-29 11:31:21', 0, NULL, NULL),
(1018528117, 1018528117, '{"id":"1018528117","name":"Che Hashim","first_name":"Che","last_name":"Hashim","link":"http:\\/\\/www.facebook.com\\/people\\/Che-Hashim\\/1018528117","gender":"male","locale":"en_US"}', '2010-12-29 11:31:21', 0, NULL, NULL),
(104941, 104941, '{"id":"104941","name":"Caleb Vognsen","first_name":"Caleb","last_name":"Vognsen","gender":"male","locale":"en_US"}', '2010-12-29 11:31:21', 0, NULL, NULL),
(19401352, 19401352, '{"id":"19401352","name":"Chloe Poynton","first_name":"Chloe","last_name":"Poynton","locale":"en_US"}', '2010-12-29 11:31:21', 0, NULL, NULL),
(1363369913, 1363369913, '{"id":"1363369913","name":"Christina Lamadora","first_name":"Christina","last_name":"Lamadora","link":"http:\\/\\/www.facebook.com\\/christina.lamadora","gender":"female","locale":"en_US"}', '2010-12-29 11:31:21', 0, NULL, NULL),
(1481708337, 1481708337, '{"id":"1481708337","name":"Chizzidy Holmes","first_name":"Chizzidy","last_name":"Holmes","locale":"en_US"}', '2010-12-29 11:31:21', 0, NULL, NULL),
(132500916, 132500916, '{"id":"132500916","name":"Chris Allen","first_name":"Chris","middle_name":"","last_name":"Allen","link":"http:\\/\\/www.facebook.com\\/profile.php?id=132500916","gender":"male","locale":"en_US"}', '2011-01-09 09:52:29', 0, NULL, NULL),
(5316413, 5316413, '{"id":"5316413","name":"Dakota Fine","first_name":"Dakota","last_name":"Fine","link":"http:\\/\\/www.facebook.com\\/dakotafine","gender":"male","locale":"en_US"}', '2010-12-29 11:31:21', 0, NULL, NULL),
(1296061644, 1296061644, '{"id":"1296061644","name":"Daniel Sol\\u00e9","first_name":"Daniel","last_name":"Sol\\u00e9","gender":"male","locale":"en_US"}', '2010-12-29 11:31:21', 0, NULL, NULL),
(777638845, 777638845, '{"id":"777638845","name":"David Cohen","first_name":"David","last_name":"Cohen","gender":"male","locale":"en_US"}', '2010-12-29 11:31:21', 0, NULL, NULL),
(669870581, 669870581, '{"id":"669870581","name":"Daniela Gerson","first_name":"Daniela","last_name":"Gerson","gender":"female","locale":"en_US"}', '2010-12-29 11:31:21', 0, NULL, NULL),
(100000265282031, 100000265282031, '{"id":"100000265282031","name":"David Fisher","first_name":"David","last_name":"Fisher","link":"http:\\/\\/www.facebook.com\\/people\\/David-Fisher\\/100000265282031","gender":"male","locale":"en_US"}', '2010-12-29 11:31:21', 0, NULL, NULL),
(591202351, 591202351, '{"id":"591202351","name":"Dream Nefra","first_name":"Dream","last_name":"Nefra","link":"http:\\/\\/www.facebook.com\\/DreamNefra","gender":"female","locale":"en_US"}', '2010-12-29 11:31:21', 0, NULL, NULL),
(857035061, 857035061, '{"id":"857035061","name":"Egon Strainovitz","first_name":"Egon","last_name":"Strainovitz","link":"http:\\/\\/www.facebook.com\\/people\\/Egon-Strainovitz\\/857035061","locale":"en_US"}', '2010-12-29 11:31:21', 0, NULL, NULL),
(100000320260717, 100000320260717, '{"id":"100000320260717","name":"Eugene Turner","first_name":"Eugene","last_name":"Turner","link":"http:\\/\\/www.facebook.com\\/people\\/Eugene-Turner\\/100000320260717","gender":"male","locale":"en_US"}', '2010-12-29 11:31:21', 0, NULL, NULL),
(7101577, 7101577, '{"id":"7101577","name":"Ersinan Magyar T\\u00fcrk","first_name":"Ersinan","middle_name":"Magyar","last_name":"T\\u00fcrk","link":"http:\\/\\/www.facebook.com\\/ersinan","locale":"en_US"}', '2010-12-29 11:31:21', 0, NULL, NULL),
(100001599983738, 100001599983738, '{"id":"100001599983738","name":"Gene Tml-Maze","first_name":"Gene","last_name":"Tml-Maze","gender":"male","locale":"en_US"}', '2010-12-29 11:31:21', 0, NULL, NULL),
(908852, 908852, '{"id":"908852","name":"Frances Cosico","first_name":"Frances","last_name":"Cosico","locale":"en_US"}', '2010-12-29 11:31:21', 0, NULL, NULL),
(572909965, 572909965, '{"id":"572909965","name":"Harmony Fraga","first_name":"Harmony","last_name":"Fraga","locale":"en_US"}', '2010-12-29 11:31:21', 0, NULL, NULL),
(1176158925, 1176158925, '{"id":"1176158925","name":"Hunter Chiles","first_name":"Hunter","last_name":"Chiles","gender":"male","locale":"en_US"}', '2010-12-29 11:31:21', 0, NULL, NULL),
(572202020, 572202020, '{"id":"572202020","name":"Igor Spivak","first_name":"Igor","last_name":"Spivak","link":"http:\\/\\/www.facebook.com\\/people\\/Igor-Spivak\\/572202020","gender":"male","locale":"en_US"}', '2010-12-29 11:31:21', 0, NULL, NULL),
(704994041, 704994041, '{"id":"704994041","name":"Jamal Jeanpierre","first_name":"Jamal","last_name":"Jeanpierre","link":"http:\\/\\/www.facebook.com\\/jamal.jeanpierre","gender":"male","locale":"en_US"}', '2010-12-29 11:31:21', 0, NULL, NULL),
(1208096958, 1208096958, '{"id":"1208096958","name":"Jamie Johnson Mahabir","first_name":"Jamie","last_name":"Johnson Mahabir","gender":"female","locale":"en_US"}', '2010-12-29 11:31:21', 0, NULL, NULL),
(1036223286, 1036223286, '{"id":"1036223286","name":"Joseph Tartakovsky","first_name":"Joseph","last_name":"Tartakovsky","gender":"male","locale":"en_US"}', '2010-12-29 11:31:21', 0, NULL, NULL),
(7102472, 7102472, '{"id":"7102472","name":"Jonathan Roman","first_name":"Jonathan","last_name":"Roman","link":"http:\\/\\/www.facebook.com\\/people\\/Jonathan-Roman\\/7102472","gender":"male","locale":"en_US"}', '2010-12-29 11:31:21', 0, NULL, NULL),
(1079599033, 1079599033, '{"id":"1079599033","name":"John Kearney","first_name":"John","last_name":"Kearney","link":"http:\\/\\/www.facebook.com\\/people\\/John-Kearney\\/1079599033","locale":"en_US"}', '2010-12-29 11:31:21', 0, NULL, NULL),
(37005227, 37005227, '{"id":"37005227","name":"Jesse Tex Feldman","first_name":"Jesse","middle_name":"Tex","last_name":"Feldman","locale":"en_US"}', '2010-12-29 11:31:21', 0, NULL, NULL),
(521101146, 521101146, '{"id":"521101146","name":"Kae Ahanonu","first_name":"Kae","last_name":"Ahanonu","link":"http:\\/\\/www.facebook.com\\/kslyy","gender":"male","locale":"en_US"}', '2010-12-29 11:31:21', 0, NULL, NULL),
(3607340, 3607340, '{"id":"3607340","name":"Justin L. Smith","first_name":"Justin","middle_name":"L.","last_name":"Smith","link":"http:\\/\\/www.facebook.com\\/people\\/Justin-L-Smith\\/3607340","gender":"male","locale":"en_US"}', '2010-12-29 11:31:21', 0, NULL, NULL),
(100000700997220, 100000700997220, '{"id":"100000700997220","name":"Josh Harris","first_name":"Josh","last_name":"Harris","link":"http:\\/\\/www.facebook.com\\/people\\/Josh-Harris\\/100000700997220","gender":"male","locale":"en_US"}', '2010-12-29 11:31:21', 0, NULL, NULL),
(2100452, 2100452, '{"id":"2100452","name":"Kate Sanger","first_name":"Kate","last_name":"Sanger","link":"http:\\/\\/www.facebook.com\\/people\\/Kate-Sanger\\/2100452","gender":"female","locale":"en_US"}', '2010-12-29 11:31:21', 0, NULL, NULL),
(856935550, 856935550, '{"id":"856935550","name":"Karl Carter","first_name":"Karl","last_name":"Carter","link":"http:\\/\\/www.facebook.com\\/karlito73","gender":"male","locale":"en_US"}', '2010-12-29 11:31:21', 0, NULL, NULL),
(765394757, 765394757, '{"id":"765394757","name":"Kila Lamadora","first_name":"Kila","last_name":"Lamadora","link":"http:\\/\\/www.facebook.com\\/kila.lamadora","gender":"female","locale":"en_US"}', '2010-12-29 11:31:21', 0, NULL, NULL),
(515626068, 515626068, '{"id":"515626068","name":"King Akintoye","first_name":"King","last_name":"Akintoye","locale":"en_US"}', '2010-12-29 11:31:21', 0, NULL, NULL),
(1653255277, 1653255277, '{"id":"1653255277","name":"Luba Petrovich","first_name":"Luba","last_name":"Petrovich","link":"http:\\/\\/www.facebook.com\\/lubatatiana","gender":"female","locale":"en_US"}', '2010-12-29 11:31:21', 0, NULL, NULL),
(633450726, 633450726, '{"id":"633450726","name":"Marisa Simon","first_name":"Marisa","last_name":"Simon","link":"http:\\/\\/www.facebook.com\\/people\\/Marisa-Simon\\/633450726","gender":"female","locale":"en_US"}', '2010-12-29 11:31:21', 0, NULL, NULL),
(7103910, 7103910, '{"id":"7103910","name":"Matthew Knight","first_name":"Matthew","last_name":"Knight","gender":"male","locale":"en_US"}', '2010-12-29 11:31:21', 0, NULL, NULL),
(584477023, 584477023, '{"id":"584477023","name":"Matt Moore","first_name":"Matt","last_name":"Moore","link":"http:\\/\\/www.facebook.com\\/MattSMoore","gender":"male","locale":"en_US"}', '2010-12-29 11:31:21', 0, NULL, NULL),
(1075430204, 1075430204, '{"id":"1075430204","name":"Mia Weinberg","first_name":"Mia","last_name":"Weinberg","link":"http:\\/\\/www.facebook.com\\/people\\/Mia-Weinberg\\/1075430204","gender":"female","locale":"en_US"}', '2010-12-29 11:31:21', 0, NULL, NULL),
(3303767, 3303767, '{"id":"3303767","name":"Misha Villa-Popescu","first_name":"Misha","last_name":"Villa-Popescu","locale":"en_US"}', '2010-12-29 11:31:21', 0, NULL, NULL),
(1109679526, 1109679526, '{"id":"1109679526","name":"Misty Briglia","first_name":"Misty","last_name":"Briglia","link":"http:\\/\\/www.facebook.com\\/misty.briglia","gender":"female","locale":"en_US"}', '2010-12-29 11:31:21', 0, NULL, NULL),
(100001223288905, 100001223288905, '{"id":"100001223288905","name":"Nahiel Nazzal","first_name":"Nahiel","last_name":"Nazzal","link":"http:\\/\\/www.facebook.com\\/people\\/Nahiel-Nazzal\\/100001223288905","locale":"en_US"}', '2010-12-29 11:31:21', 0, NULL, NULL),
(574109424, 574109424, '{"id":"574109424","name":"Nick Adams","first_name":"Nick","last_name":"Adams","link":"http:\\/\\/www.facebook.com\\/people\\/Nick-Adams\\/574109424","gender":"male","locale":"en_US"}', '2010-12-29 11:31:21', 0, NULL, NULL),
(1221411, 1221411, '{"id":"1221411","name":"Rodger Allen","first_name":"Rodger","last_name":"Allen","gender":"male","locale":"en_US"}', '2010-12-29 11:31:21', 0, NULL, NULL),
(1395597212, 1395597212, '{"id":"1395597212","name":"Ross Siegel","first_name":"Ross","last_name":"Siegel","gender":"male","locale":"en_US"}', '2010-12-29 11:31:21', 0, NULL, NULL),
(699085441, 699085441, '{"id":"699085441","name":"Rose Costello","first_name":"Rose","last_name":"Costello","link":"http:\\/\\/www.facebook.com\\/rosecostello","gender":"female","locale":"en_US"}', '2010-12-29 11:31:21', 0, NULL, NULL),
(1406864, 1406864, '{"id":"1406864","name":"Richard Austin Heafey","first_name":"Richard","middle_name":"Austin","last_name":"Heafey","gender":"male","locale":"en_US"}', '2010-12-29 11:31:21', 0, NULL, NULL),
(502674675, 502674675, '{"id":"502674675","name":"Sake Onederful","first_name":"Sake","last_name":"Onederful","link":"http:\\/\\/www.facebook.com\\/djsake1","gender":"male","locale":"en_US"}', '2010-12-29 11:31:21', 0, NULL, NULL),
(1004754348, 1004754348, '{"id":"1004754348","name":"Samar Nassar","first_name":"Samar","last_name":"Nassar","locale":"en_US"}', '2010-12-29 11:31:21', 0, NULL, NULL),
(100000364493073, 100000364493073, '{"id":"100000364493073","name":"Scott Graves","first_name":"Scott","last_name":"Graves","link":"http:\\/\\/www.facebook.com\\/people\\/Scott-Graves\\/100000364493073","gender":"male","locale":"en_US"}', '2010-12-29 11:31:21', 0, NULL, NULL),
(604811254, 604811254, '{"id":"604811254","name":"Scott Murphy","first_name":"Scott","last_name":"Murphy","link":"http:\\/\\/www.facebook.com\\/scottmurphy24","gender":"male","locale":"en_US"}', '2010-12-29 11:31:21', 0, NULL, NULL),
(519944892, 519944892, '{"id":"519944892","name":"Shana Glick","first_name":"Shana","last_name":"Glick","locale":"en_US"}', '2010-12-29 11:31:21', 0, NULL, NULL),
(1098560065, 1098560065, '{"id":"1098560065","name":"Sian Tom","first_name":"Sian","last_name":"Tom","gender":"female","locale":"en_US"}', '2010-12-29 11:31:21', 0, NULL, NULL),
(1653922768, 1653922768, '{"id":"1653922768","name":"Sherry Taylor","first_name":"Sherry","last_name":"Taylor","link":"http:\\/\\/www.facebook.com\\/people\\/Sherry-Taylor\\/1653922768","gender":"female","locale":"en_US"}', '2010-12-29 11:31:21', 0, NULL, NULL),
(5309570, 5309570, '{"id":"5309570","name":"Stina Skewes-Cox","first_name":"Stina","last_name":"Skewes-Cox","locale":"en_US"}', '2010-12-29 11:31:21', 0, NULL, NULL),
(10025334, 10025334, '{"id":"10025334","name":"Stacey Speizer","first_name":"Stacey","last_name":"Speizer","locale":"en_US"}', '2010-12-29 11:31:21', 0, NULL, NULL),
(8903868, 8903868, '{"id":"8903868","name":"Talia","first_name":"Talia","last_name":"Talia","link":"http:\\/\\/www.facebook.com\\/people\\/Talia\\/8903868","gender":"female","locale":"en_US"}', '2010-12-29 11:31:21', 0, NULL, NULL),
(1012934991, 1012934991, '{"id":"1012934991","name":"Tommy Goodwin","first_name":"Tommy","last_name":"Goodwin","link":"http:\\/\\/www.facebook.com\\/people\\/Tommy-Goodwin\\/1012934991","gender":"male","locale":"en_US"}', '2010-12-29 11:31:21', 0, NULL, NULL),
(1023080024, 1023080024, '{"id":"1023080024","name":"Trent Farmer","first_name":"Trent","last_name":"Farmer","link":"http:\\/\\/www.facebook.com\\/emgexclusive","gender":"male","locale":"en_US"}', '2010-12-29 11:31:21', 0, NULL, NULL),
(513782064, 513782064, '{"id":"513782064","name":"Whitney Mendelsohn","first_name":"Whitney","last_name":"Mendelsohn","gender":"female","locale":"en_US"}', '2010-12-29 11:31:21', 0, NULL, NULL),
(816867, 816867, '{"id":"816867","name":"Zak Williams","first_name":"Zak","last_name":"Williams","link":"http:\\/\\/www.facebook.com\\/zakpwilliams","gender":"male","locale":"en_US"}', '2010-12-29 11:31:21', 0, NULL, NULL),
(1083860092, 1083860092, '{"id":"1083860092","name":"Zack Lapid","first_name":"Zack","last_name":"Lapid","link":"http:\\/\\/www.facebook.com\\/people\\/Zack-Lapid\\/1083860092","gender":"male","locale":"en_US"}', '2010-12-29 11:31:21', 0, NULL, NULL),
(1302854, 1302854, '{"id":"1302854","name":"Willie Moses","first_name":"Willie","last_name":"Moses","gender":"male","locale":"en_US"}', '2010-12-29 11:31:21', 0, NULL, NULL),
(1008613773, 1008613773, '{"id":"1008613773","name":"Jesse Roman","first_name":"Jesse","last_name":"Roman","link":"http:\\/\\/www.facebook.com\\/people\\/Jesse-Roman\\/1008613773","gender":"male","locale":"en_US"}', '2010-12-29 11:31:21', 0, NULL, NULL),
(1487680115, 1487680115, '{"id":"1487680115","name":"Gene Taylor","first_name":"Gene","last_name":"Taylor","link":"http:\\/\\/www.facebook.com\\/people\\/Gene-Taylor\\/1487680115","gender":"male","locale":"en_US"}', '2010-12-29 11:31:21', 0, NULL, NULL),
(580736154, 580736154, '{"id":"580736154","name":"Beverly Picardo","first_name":"Beverly","last_name":"Picardo","link":"http:\\/\\/www.facebook.com\\/people\\/Beverly-Picardo\\/580736154","gender":"female","locale":"en_US"}', '2010-12-29 11:31:21', 0, NULL, NULL),
(597903641, 597903641, '{"id":"597903641","name":"Ben Gucciardi","first_name":"Ben","last_name":"Gucciardi","link":"http:\\/\\/www.facebook.com\\/people\\/Ben-Gucciardi\\/597903641","gender":"male","locale":"en_US"}', '2010-12-29 11:31:21', 0, NULL, NULL),
(1606778918, 1606778918, '{"id":"1606778918","name":"Astra Teller","first_name":"Astra","last_name":"Teller","link":"http:\\/\\/www.facebook.com\\/people\\/Astra-Teller\\/1606778918","gender":"female","locale":"en_US"}', '2010-12-29 11:31:21', 0, NULL, NULL),
(507355503, 507355503, '{"id":"507355503","name":"Arie Elkins","first_name":"Arie","last_name":"Elkins","link":"http:\\/\\/www.facebook.com\\/jcoaps","gender":"male","locale":"en_US"}', '2010-12-29 11:31:21', 0, NULL, NULL),
(100000669266806, 100000669266806, '{"id":"100000669266806","name":"Kristina Kosmides","first_name":"Kristina","last_name":"Kosmides","link":"http:\\/\\/www.facebook.com\\/people\\/Kristina-Kosmides\\/100000669266806","gender":"female","locale":"en_US"}', '2010-12-29 11:31:21', 0, NULL, NULL),
(100000210646549, 100000210646549, '{"id":"100000210646549","name":"Eli Taylor","first_name":"Eli","last_name":"Taylor","link":"http:\\/\\/www.facebook.com\\/profile.php?id=100000210646549","work":[{"employer":{"id":"158768920830701","name":"Kapuna Hale"},"location":{"id":"103103746395957","na', '2010-12-30 04:51:28', 1, NULL, NULL);

-- --------------------------------------------------------

--
-- Table structure for table `vendor`
--

CREATE TABLE IF NOT EXISTS `vendor` (
  `vendor_id` int(11) NOT NULL AUTO_INCREMENT,
  `name` varchar(50) COLLATE latin1_general_ci DEFAULT NULL,
  `url` varchar(255) COLLATE latin1_general_ci DEFAULT NULL,
  PRIMARY KEY (`vendor_id`)
) ENGINE=MyISAM  DEFAULT CHARSET=latin1 COLLATE=latin1_general_ci AUTO_INCREMENT=5 ;

--
-- Dumping data for table `vendor`
--

INSERT INTO `vendor` (`vendor_id`, `name`, `url`) VALUES
(1, 'amazon', 'www.amazon.com'),
(2, 'itunes', 'www.itunes.com'),
(3, 'cdbaby', 'www.cdbaby.com'),
(4, 'ilike', 'www.ilike.com');

/*!40101 SET CHARACTER_SET_CLIENT=@OLD_CHARACTER_SET_CLIENT */;
/*!40101 SET CHARACTER_SET_RESULTS=@OLD_CHARACTER_SET_RESULTS */;
/*!40101 SET COLLATION_CONNECTION=@OLD_COLLATION_CONNECTION */;
