-- phpMyAdmin SQL Dump
-- version 3.3.9
-- http://www.phpmyadmin.net
--
-- Servidor: localhost
-- Tiempo de generación: 25-12-2013 a las 00:05:41
-- Versión del servidor: 5.5.8
-- Versión de PHP: 5.3.5

SET SQL_MODE="NO_AUTO_VALUE_ON_ZERO";

--
-- Base de datos: `tmm_porfolio`
--

-- --------------------------------------------------------

--
-- Estructura de tabla para la tabla `images`
--

CREATE TABLE IF NOT EXISTS `images` (
  `image_id` int(11) NOT NULL AUTO_INCREMENT,
  `project_id` int(11) NOT NULL,
  `image_status` enum('deleted','current') COLLATE utf32_unicode_ci NOT NULL DEFAULT 'current',
  `image_weight` smallint(4) NOT NULL COMMENT '1 is the headshot',
  `image_name` varchar(255) COLLATE utf32_unicode_ci DEFAULT NULL,
  `image_caption` varchar(255) COLLATE utf32_unicode_ci DEFAULT NULL,
  `image_alt` varchar(255) COLLATE utf32_unicode_ci DEFAULT NULL,
  `image_src` varchar(255) COLLATE utf32_unicode_ci NOT NULL,
  `image_width` int(11) DEFAULT NULL,
  `image_height` int(11) DEFAULT NULL,
  PRIMARY KEY (`image_id`)
) ENGINE=InnoDB  DEFAULT CHARSET=utf32 COLLATE=utf32_unicode_ci AUTO_INCREMENT=282 ;

--
-- Volcar la base de datos para la tabla `images`
--

INSERT INTO `images` (`image_id`, `project_id`, `image_status`, `image_weight`, `image_name`, `image_caption`, `image_alt`, `image_src`, `image_width`, `image_height`) VALUES
(1, 1, 'current', 1, NULL, NULL, NULL, 'images/design/lovequest/lovequest_R1.gif', 467, 700),
(2, 1, 'current', 1, NULL, NULL, NULL, 'images/design/lovequest/lovequest_R1.gif', 467, 700),
(3, 1, 'current', 2, NULL, NULL, NULL, 'images/design/lovequest/lovequest_R10.gif', 467, 700),
(4, 1, 'current', 2, NULL, NULL, NULL, 'images/design/lovequest/lovequest_R10.gif', 467, 700),
(5, 1, 'current', 3, NULL, NULL, NULL, 'images/design/lovequest/lovequest_R11.gif', 467, 700),
(6, 1, 'current', 3, NULL, NULL, NULL, 'images/design/lovequest/lovequest_R11.gif', 467, 700),
(7, 1, 'current', 4, NULL, NULL, NULL, 'images/design/lovequest/lovequest_R13.jpg', 500, 702),
(8, 1, 'current', 4, NULL, NULL, NULL, 'images/design/lovequest/lovequest_R13.jpg', 500, 702),
(9, 1, 'current', 5, NULL, NULL, NULL, 'images/design/lovequest/lovequest_R2.gif', 467, 700),
(10, 1, 'current', 5, NULL, NULL, NULL, 'images/design/lovequest/lovequest_R2.gif', 467, 700),
(11, 1, 'current', 6, NULL, NULL, NULL, 'images/design/lovequest/lovequest_R3.gif', 467, 700),
(12, 1, 'current', 6, NULL, NULL, NULL, 'images/design/lovequest/lovequest_R3.gif', 467, 700),
(13, 1, 'current', 7, NULL, NULL, NULL, 'images/design/lovequest/lovequest_R4.jpg', 288, 432),
(14, 1, 'current', 7, NULL, NULL, NULL, 'images/design/lovequest/lovequest_R4.jpg', 288, 432),
(15, 1, 'current', 8, NULL, NULL, NULL, 'images/design/lovequest/lovequest_R5.jpg', 467, 700),
(16, 1, 'current', 8, NULL, NULL, NULL, 'images/design/lovequest/lovequest_R5.jpg', 467, 700),
(17, 1, 'current', 9, NULL, NULL, NULL, 'images/design/lovequest/lovequest_R6.jpg', 500, 750),
(18, 1, 'current', 9, NULL, NULL, NULL, 'images/design/lovequest/lovequest_R6.jpg', 500, 750),
(19, 1, 'current', 10, NULL, NULL, NULL, 'images/design/lovequest/lovequest_R9.jpg', 288, 432),
(20, 1, 'current', 10, NULL, NULL, NULL, 'images/design/lovequest/lovequest_R9.jpg', 288, 432),
(21, 1, 'current', 11, NULL, NULL, NULL, 'images/design/lovequest/lovequest_Y1.jpg', 467, 700),
(22, 1, 'current', 11, NULL, NULL, NULL, 'images/design/lovequest/lovequest_Y1.jpg', 467, 700),
(23, 1, 'current', 12, NULL, NULL, NULL, 'images/design/lovequest/lovequest_Y6.gif', 467, 700),
(24, 1, 'current', 12, NULL, NULL, NULL, 'images/design/lovequest/lovequest_Y6.gif', 467, 700),
(25, 1, 'current', 13, NULL, NULL, NULL, 'images/design/lovequest/lovequest_Y7.gif', 453, 700),
(26, 1, 'current', 13, NULL, NULL, NULL, 'images/design/lovequest/lovequest_Y7.gif', 453, 700),
(27, 2, 'current', 1, NULL, NULL, NULL, 'images/design/flavor/flavor_01.jpg', 462, 600),
(28, 2, 'current', 2, NULL, NULL, NULL, 'images/design/flavor/flavor_02.jpg', 464, 600),
(29, 2, 'current', 3, NULL, NULL, NULL, 'images/design/flavor/flavor_03.png', 600, 601),
(30, 2, 'current', 4, NULL, NULL, NULL, 'images/design/flavor/flavor_04.jpg', 611, 792),
(31, 2, 'current', 5, NULL, NULL, NULL, 'images/design/flavor/flavor_05.jpg', 464, 600),
(32, 2, 'current', 6, NULL, NULL, NULL, 'images/design/flavor/flavor_06.jpg', 464, 600),
(33, 2, 'current', 7, NULL, NULL, NULL, 'images/design/flavor/flavor_07.jpg', 464, 600),
(34, 2, 'current', 8, NULL, NULL, NULL, 'images/design/flavor/flavor_08.jpg', 464, 600),
(35, 2, 'current', 9, NULL, NULL, NULL, 'images/design/flavor/flavor_09.jpg', 464, 600),
(36, 2, 'current', 10, NULL, NULL, NULL, 'images/design/flavor/flavor_10.jpg', 464, 600),
(37, 2, 'current', 11, NULL, NULL, NULL, 'images/design/flavor/flavor_11.jpg', 501, 650),
(38, 2, 'current', 12, NULL, NULL, NULL, 'images/design/flavor/flavor_12.jpg', 464, 600),
(39, 2, 'current', 13, NULL, NULL, NULL, 'images/design/flavor/flavor_13.jpg', 690, 690),
(40, 3, 'current', 1, NULL, NULL, NULL, 'images/design/biko/biko_01.jpg', 700, 340),
(41, 3, 'current', 2, NULL, NULL, NULL, 'images/design/biko/biko_02.jpg', 700, 340),
(42, 3, 'current', 3, NULL, NULL, NULL, 'images/design/biko/biko_03.jpg', 700, 340),
(43, 3, 'current', 4, NULL, NULL, NULL, 'images/design/biko/biko_04.jpg', 700, 340),
(44, 3, 'current', 5, NULL, NULL, NULL, 'images/design/biko/biko_05.jpg', 700, 340),
(45, 3, 'current', 6, NULL, NULL, NULL, 'images/design/biko/biko_06.jpg', 300, 300),
(46, 3, 'current', 7, NULL, NULL, NULL, 'images/design/biko/biko_07.jpg', 360, 360),
(47, 3, 'current', 8, NULL, NULL, NULL, 'images/design/biko/biko_08.jpg', 360, 360),
(48, 3, 'current', 9, NULL, NULL, NULL, 'images/design/biko/biko_09.jpg', 360, 360),
(49, 3, 'current', 10, NULL, NULL, NULL, 'images/design/biko/biko_album_front13.jpg', 360, 360),
(50, 3, 'current', 11, NULL, NULL, NULL, 'images/design/biko/biko_cdfoto_1Black.jpg', 360, 360),
(51, 3, 'current', 12, NULL, NULL, NULL, 'images/design/biko/biko_cdfoto5_black.jpg', 360, 360),
(52, 3, 'current', 13, NULL, NULL, NULL, 'images/design/biko/shirt_biko2.jpg', 720, 360),
(53, 3, 'current', 14, NULL, NULL, NULL, 'images/design/biko/shirt_biko6.jpg', 720, 360),
(54, 3, 'current', 15, NULL, NULL, NULL, 'images/design/biko/tongo_logo_mock4_tight.jpg', 700, 218),
(55, 4, 'current', 1, NULL, NULL, NULL, 'images/design/ambitions/ambitions_01.jpg', 400, 400),
(56, 4, 'current', 2, NULL, NULL, NULL, 'images/design/ambitions/ambitions_02.jpg', 400, 400),
(57, 4, 'current', 3, NULL, NULL, NULL, 'images/design/ambitions/ambitions_03.jpg', 400, 400),
(58, 4, 'current', 4, NULL, NULL, NULL, 'images/design/ambitions/ambitions_04.jpg', 400, 400),
(59, 4, 'current', 5, NULL, NULL, NULL, 'images/design/ambitions/ambitions_05.jpg', 400, 400),
(60, 5, 'current', 1, NULL, NULL, NULL, 'images/design/ninavidal/nina_back1.gif', 288, 432),
(61, 5, 'current', 2, NULL, NULL, NULL, 'images/design/ninavidal/nina_back2.jpg', 400, 600),
(62, 5, 'current', 3, NULL, NULL, NULL, 'images/design/ninavidal/nina_back3.jpg', 400, 600),
(63, 5, 'current', 4, NULL, NULL, NULL, 'images/design/ninavidal/nina_back5.gif', 288, 432),
(64, 5, 'current', 5, NULL, NULL, NULL, 'images/design/ninavidal/nina_back6.gif', 288, 432),
(65, 5, 'current', 6, NULL, NULL, NULL, 'images/design/ninavidal/nina_back7.gif', 288, 432),
(66, 5, 'current', 7, NULL, NULL, NULL, 'images/design/ninavidal/nina_front10.jpg', 400, 600),
(67, 5, 'current', 8, NULL, NULL, NULL, 'images/design/ninavidal/nina_front3.gif', 288, 432),
(68, 6, 'current', 1, NULL, NULL, NULL, 'images/design/wscc/laxAd1-4.jpg', 351, 459),
(69, 6, 'current', 2, NULL, NULL, NULL, 'images/design/wscc/wscc_bizcard_front.jpg', 252, 144),
(70, 6, 'current', 3, NULL, NULL, NULL, 'images/design/wscc/wscc_flyer.jpg', 288, 432),
(71, 7, 'current', 1, NULL, NULL, NULL, 'images/design/traffic/traffic_01.jpg', 500, 333),
(72, 7, 'current', 2, NULL, NULL, NULL, 'images/design/traffic/traffic_02.jpg', 450, 160),
(73, 7, 'current', 3, NULL, NULL, NULL, 'images/design/traffic/traffic_03.jpg', 900, 290),
(74, 7, 'current', 4, NULL, NULL, NULL, 'images/design/traffic/traffic_04.jpg', 433, 433),
(75, 7, 'current', 5, NULL, NULL, NULL, 'images/design/traffic/traffic_05.jpg', 432, 432),
(76, 7, 'current', 6, NULL, NULL, NULL, 'images/design/traffic/traffic_06.jpg', 434, 434),
(77, 7, 'current', 7, NULL, NULL, NULL, 'images/design/traffic/traffic_07.jpg', 450, 450),
(78, 7, 'current', 8, NULL, NULL, NULL, 'images/design/traffic/traffic_08.jpg', 450, 450),
(79, 7, 'current', 9, NULL, NULL, NULL, 'images/design/traffic/traffic_09.gif', 612, 792),
(80, 7, 'current', 10, NULL, NULL, NULL, 'images/design/traffic/traffic_09.jpg', 572, 583),
(81, 7, 'current', 11, NULL, NULL, NULL, 'images/design/traffic/traffic_10.jpg', 755, 483),
(82, 7, 'current', 12, NULL, NULL, NULL, 'images/design/traffic/traffic_11.jpg', 700, 466),
(83, 7, 'current', 13, NULL, NULL, NULL, 'images/design/traffic/traffic_12.jpg', 821, 641),
(84, 8, 'current', 1, NULL, NULL, NULL, 'images/sites/lealtad/addaproduct.png', 381, 657),
(85, 8, 'current', 2, NULL, NULL, NULL, 'images/sites/lealtad/blackHeart-companies.jpg', 442, 832),
(86, 8, 'current', 3, NULL, NULL, NULL, 'images/sites/lealtad/blackHeart-horario.jpg', 424, 832),
(87, 8, 'current', 4, NULL, NULL, NULL, 'images/sites/lealtad/blackHeart-promocion.jpg', 430, 852),
(88, 8, 'current', 5, NULL, NULL, NULL, 'images/sites/lealtad/blackHeart-v1c.jpg', 442, 832),
(89, 8, 'current', 6, NULL, NULL, NULL, 'images/sites/lealtad/buildpromo_cashoff.png', 381, 692),
(90, 8, 'current', 7, NULL, NULL, NULL, 'images/sites/lealtad/buildpromo_daysrequired.png', 381, 757),
(91, 8, 'current', 8, NULL, NULL, NULL, 'images/sites/lealtad/buildpromo_options.jpg', 381, 550),
(92, 8, 'current', 9, NULL, NULL, NULL, 'images/sites/lealtad/buildpromo_options.png', 381, 550),
(93, 8, 'current', 10, NULL, NULL, NULL, 'images/sites/lealtad/buildpromo_percentageoff.png', 381, 692),
(94, 8, 'current', 11, NULL, NULL, NULL, 'images/sites/lealtad/buildpromo_purchasesrequired.png', 381, 757),
(95, 8, 'current', 12, NULL, NULL, NULL, 'images/sites/lealtad/mycompany.png', 381, 878),
(96, 8, 'current', 13, NULL, NULL, NULL, 'images/sites/lealtad/myprofile.png', 381, 682),
(97, 8, 'current', 14, NULL, NULL, NULL, 'images/sites/lealtad/ourteam.png', 381, 431),
(98, 9, 'current', 1, NULL, NULL, NULL, 'images/sites/ta/challenges.png', 1423, 4683),
(99, 9, 'current', 2, NULL, NULL, NULL, 'images/sites/ta/onepage.jpg', 500, 691),
(100, 9, 'current', 3, NULL, NULL, NULL, 'images/sites/ta/playlists.jpg', 1301, 803),
(101, 10, 'current', 1, NULL, NULL, NULL, 'images/sites/iddashboard/clients.png', 1343, 1715),
(102, 10, 'current', 2, NULL, NULL, NULL, 'images/sites/iddashboard/fruco-report-saved.png', 1343, 2824),
(103, 10, 'current', 3, NULL, NULL, NULL, 'images/sites/iddashboard/projects-by-client.png', 1343, 1006),
(104, 10, 'current', 4, NULL, NULL, NULL, 'images/sites/iddashboard/sedal-async-load.png', 1343, 1491),
(105, 10, 'current', 5, NULL, NULL, NULL, 'images/sites/iddashboard/sedal-with-forms.png', 1343, 2698),
(106, 11, 'current', 1, NULL, NULL, NULL, 'images/sites/ganaoreo/cms-busquedas.png', 1423, 767),
(107, 11, 'current', 2, NULL, NULL, NULL, 'images/sites/ganaoreo/cms-codes.png', 1423, 767),
(108, 11, 'current', 3, NULL, NULL, NULL, 'images/sites/ganaoreo/cms.png', 1423, 767),
(109, 11, 'current', 4, NULL, NULL, NULL, 'images/sites/ganaoreo/home.png', 1423, 1496),
(110, 11, 'current', 5, NULL, NULL, NULL, 'images/sites/ganaoreo/premios.png', 1423, 1129),
(111, 11, 'current', 6, NULL, NULL, NULL, 'images/sites/ganaoreo/testcode.png', 1343, 845),
(112, 12, 'current', 1, NULL, NULL, NULL, 'images/sites/collectiv/artsNent.png', 1343, 714),
(113, 12, 'current', 2, NULL, NULL, NULL, 'images/sites/collectiv/home-brown.png', 1343, 665),
(114, 12, 'current', 3, NULL, NULL, NULL, 'images/sites/collectiv/home-original.png', 1343, 800),
(115, 13, 'current', 1, NULL, NULL, NULL, 'images/sites/hlnavigator/demopage.png', 1343, 1605),
(116, 13, 'current', 2, NULL, NULL, NULL, 'images/sites/hlnavigator/injection-guide.jpg', 1024, 3399),
(117, 13, 'current', 3, NULL, NULL, NULL, 'images/sites/hlnavigator/Navigator_Drugs.jpg', 1049, 2962),
(118, 13, 'current', 4, NULL, NULL, NULL, 'images/sites/hlnavigator/ShareCare-Example.jpg', 1528, 3190),
(119, 13, 'current', 5, NULL, NULL, NULL, 'images/sites/hlnavigator/sharecare_allergies.png', 1663, 2141),
(120, 14, 'current', 1, NULL, NULL, NULL, 'images/sites/hldashboard/Dashboad_Analytics.png', 1024, 755),
(121, 14, 'current', 2, NULL, NULL, NULL, 'images/sites/hldashboard/DashboardCampaingBuilder.png', 1024, 1378),
(122, 15, 'current', 1, NULL, NULL, NULL, 'images/sites/hlcomputeqa/computeQA.png', 1440, 900),
(123, 16, 'current', 1, NULL, NULL, NULL, 'images/sites/studioenvivo/soundbooth.jpg', 381, 676),
(124, 17, 'current', 1, NULL, NULL, NULL, 'images/sites/hlnumbers/install-options.png', 1343, 1552),
(125, 17, 'current', 2, NULL, NULL, NULL, 'images/sites/hlnumbers/numbers.png', 1423, 767),
(126, 18, 'current', 1, NULL, NULL, NULL, 'images/sites/hlfastfood/tournaments.jpg', 1050, 879),
(127, 19, 'current', 1, NULL, NULL, NULL, 'images/sites/tmm-flash/tmm_02.jpg', 1440, 702),
(128, 19, 'current', 2, NULL, NULL, NULL, 'images/sites/tmm-flash/tmm_03.jpg', 1440, 702),
(129, 19, 'current', 3, NULL, NULL, NULL, 'images/sites/tmm-flash/tmm_04.jpg', 1440, 702),
(130, 19, 'current', 4, NULL, NULL, NULL, 'images/sites/tmm-flash/tmm_05.jpg', 1440, 702),
(131, 19, 'current', 5, NULL, NULL, NULL, 'images/sites/tmm-flash/tmm_06.jpg', 1440, 702),
(132, 19, 'current', 6, NULL, NULL, NULL, 'images/sites/tmm-flash/tmm_07.jpg', 1440, 702),
(133, 19, 'current', 7, NULL, NULL, NULL, 'images/sites/tmm-flash/tmm_08.jpg', 1440, 702),
(134, 19, 'current', 8, NULL, NULL, NULL, 'images/sites/tmm-flash/tmmOld_01.jpg', 300, 188),
(135, 19, 'current', 9, NULL, NULL, NULL, 'images/sites/tmm-flash/tmmOld_02.jpg', 1014, 767),
(136, 19, 'current', 10, NULL, NULL, NULL, 'images/sites/tmm-flash/tmmOld_03.jpg', 798, 500),
(137, 20, 'current', 1, NULL, NULL, NULL, 'images/sites/wl/wl_02.jpg', 1021, 500),
(138, 20, 'current', 2, NULL, NULL, NULL, 'images/sites/wl/wl_03.jpg', 1021, 500),
(139, 20, 'current', 3, NULL, NULL, NULL, 'images/sites/wl/wl_04.jpg', 1021, 500),
(140, 20, 'current', 4, NULL, NULL, NULL, 'images/sites/wl/wl_05.jpg', 1021, 500),
(141, 20, 'current', 5, NULL, NULL, NULL, 'images/sites/wl/wl_07.jpg', 1021, 500),
(142, 20, 'current', 6, NULL, NULL, NULL, 'images/sites/wl/wl_08.jpg', 1021, 500),
(143, 20, 'current', 7, NULL, NULL, NULL, 'images/sites/wl/wl_09.jpg', 1021, 500),
(144, 20, 'current', 8, NULL, NULL, NULL, 'images/sites/wl/wl_11.jpg', 1021, 500),
(145, 20, 'current', 9, NULL, NULL, NULL, 'images/sites/wl/wl_12.jpg', 1021, 500),
(146, 20, 'current', 10, NULL, NULL, NULL, 'images/sites/wl/wl_flex_opened.jpg', 1010, 500),
(147, 20, 'current', 11, NULL, NULL, NULL, 'images/sites/wl/wl_xl_admin.jpg', 1398, 885),
(148, 20, 'current', 12, NULL, NULL, NULL, 'images/sites/wl/wl_xl_performance.jpg', 1398, 885),
(149, 20, 'current', 13, NULL, NULL, NULL, 'images/sites/wl/wl_xl_setup.jpg', 1398, 885),
(150, 21, 'current', 1, NULL, NULL, NULL, 'images/sites/bpp/bpp_0010.jpg', 1023, 500),
(151, 21, 'current', 2, NULL, NULL, NULL, 'images/sites/bpp/bpp_0011.jpg', 1023, 500),
(152, 21, 'current', 3, NULL, NULL, NULL, 'images/sites/bpp/bpp_0012.jpg', 1023, 500),
(153, 21, 'current', 4, NULL, NULL, NULL, 'images/sites/bpp/bpp_0013.jpg', 1023, 500),
(154, 21, 'current', 5, NULL, NULL, NULL, 'images/sites/bpp/bpp_0019.jpg', 1023, 500),
(155, 21, 'current', 6, NULL, NULL, NULL, 'images/sites/bpp/bpp_0020.jpg', 1023, 500),
(156, 21, 'current', 7, NULL, NULL, NULL, 'images/sites/bpp/bpp_0021.jpg', 1023, 500),
(157, 21, 'current', 8, NULL, NULL, NULL, 'images/sites/bpp/bpp_0022.jpg', 1023, 500),
(158, 21, 'current', 9, NULL, NULL, NULL, 'images/sites/bpp/bpp_0023.jpg', 1023, 500),
(159, 21, 'current', 10, NULL, NULL, NULL, 'images/sites/bpp/bpp_0024.jpg', 1023, 500),
(160, 21, 'current', 11, NULL, NULL, NULL, 'images/sites/bpp/bpp_009.jpg', 1023, 500),
(161, 21, 'current', 12, NULL, NULL, NULL, 'images/sites/bpp/bppx_01.jpg', 1024, 500),
(162, 21, 'current', 13, NULL, NULL, NULL, 'images/sites/bpp/bppx_02.jpg', 1024, 500),
(163, 21, 'current', 14, NULL, NULL, NULL, 'images/sites/bpp/bppx_03.jpg', 1024, 500),
(164, 21, 'current', 15, NULL, NULL, NULL, 'images/sites/bpp/bppx_04.jpg', 1024, 500),
(165, 21, 'current', 16, NULL, NULL, NULL, 'images/sites/bpp/bppx_07.jpg', 1024, 500),
(166, 21, 'current', 17, NULL, NULL, NULL, 'images/sites/bpp/bppx_09.jpg', 1024, 500),
(167, 21, 'current', 18, NULL, NULL, NULL, 'images/sites/bpp/bppx_10.jpg', 1024, 500),
(168, 22, 'current', 1, NULL, NULL, NULL, 'images/sites/cm/cm_01.jpg', 1020, 500),
(169, 22, 'current', 2, NULL, NULL, NULL, 'images/sites/cm/cm_02.jpg', 1020, 500),
(170, 22, 'current', 3, NULL, NULL, NULL, 'images/sites/cm/cm_03.jpg', 1020, 500),
(171, 22, 'current', 4, NULL, NULL, NULL, 'images/sites/cm/cm_04.jpg', 1020, 500),
(172, 22, 'current', 5, NULL, NULL, NULL, 'images/sites/cm/cm_05.jpg', 1020, 500),
(173, 22, 'current', 6, NULL, NULL, NULL, 'images/sites/cm/cm_06.jpg', 1020, 500),
(174, 22, 'current', 7, NULL, NULL, NULL, 'images/sites/cm/cm_xl_home1.jpg', 1398, 882),
(175, 22, 'current', 8, NULL, NULL, NULL, 'images/sites/cm/cm_xl_proto1.jpg', 1400, 884),
(176, 22, 'current', 9, NULL, NULL, NULL, 'images/sites/cm/screenshots.jpg', 774, 500),
(177, 23, 'current', 1, NULL, NULL, NULL, 'images/sites/means/means_02.jpg', 1020, 500),
(178, 23, 'current', 2, NULL, NULL, NULL, 'images/sites/means/means_03.jpg', 1400, 885),
(179, 23, 'current', 3, NULL, NULL, NULL, 'images/sites/means/means_04.jpg', 300, 188),
(180, 23, 'current', 4, NULL, NULL, NULL, 'images/sites/means/means_05.jpg', 1400, 885),
(181, 23, 'current', 5, NULL, NULL, NULL, 'images/sites/means/means_06.jpg', 1383, 879),
(182, 23, 'current', 6, NULL, NULL, NULL, 'images/sites/means/means_07.jpg', 1026, 955),
(183, 24, 'current', 1, NULL, NULL, NULL, 'images/sites/mycubi/cubi_09.jpg', 800, 500),
(184, 24, 'current', 2, NULL, NULL, NULL, 'images/sites/mycubi/cubi_10.jpg', 800, 500),
(185, 24, 'current', 3, NULL, NULL, NULL, 'images/sites/mycubi/cubi_11.jpg', 800, 500),
(186, 24, 'current', 4, NULL, NULL, NULL, 'images/sites/mycubi/cubi_12.jpg', 800, 500),
(187, 24, 'current', 5, NULL, NULL, NULL, 'images/sites/mycubi/cubi_13.jpg', 800, 500),
(188, 24, 'current', 6, NULL, NULL, NULL, 'images/sites/mycubi/cubi_14.jpg', 800, 500),
(189, 24, 'current', 7, NULL, NULL, NULL, 'images/sites/mycubi/cubi_15.jpg', 800, 500),
(190, 24, 'current', 8, NULL, NULL, NULL, 'images/sites/mycubi/cubi_18.jpg', 800, 500),
(191, 24, 'current', 9, NULL, NULL, NULL, 'images/sites/mycubi/cubi_19.jpg', 800, 500),
(192, 24, 'current', 10, NULL, NULL, NULL, 'images/sites/mycubi/cubi_20.jpg', 800, 500),
(193, 25, 'current', 1, NULL, NULL, NULL, 'images/sites/pm/pm_01.jpg', 929, 600),
(194, 25, 'current', 2, NULL, NULL, NULL, 'images/sites/pm/pm_02.jpg', 929, 600),
(195, 25, 'current', 3, NULL, NULL, NULL, 'images/sites/pm/pm_03.jpg', 929, 600),
(196, 25, 'current', 4, NULL, NULL, NULL, 'images/sites/pm/pm_04.jpg', 929, 600),
(197, 25, 'current', 5, NULL, NULL, NULL, 'images/sites/pm/pm_05.jpg', 929, 600),
(198, 25, 'current', 6, NULL, NULL, NULL, 'images/sites/pm/pm_06.jpg', 929, 600),
(199, 25, 'current', 7, NULL, NULL, NULL, 'images/sites/pm/pm_07.jpg', 929, 600),
(200, 25, 'current', 8, NULL, NULL, NULL, 'images/sites/pm/pm_08.jpg', 929, 600),
(201, 25, 'current', 9, NULL, NULL, NULL, 'images/sites/pm/pm_09.jpg', 929, 600),
(202, 26, 'current', 1, NULL, NULL, NULL, 'images/sites/bcbg/bcbg_01.jpg', 300, 225),
(203, 26, 'current', 2, NULL, NULL, NULL, 'images/sites/bcbg/bcbg_02.jpg', 825, 600),
(204, 26, 'current', 3, NULL, NULL, NULL, 'images/sites/bcbg/bcbg_03.jpg', 825, 600),
(205, 26, 'current', 4, NULL, NULL, NULL, 'images/sites/bcbg/bcbg_04.jpg', 825, 600),
(206, 26, 'current', 5, NULL, NULL, NULL, 'images/sites/bcbg/bcbg_05.jpg', 825, 600),
(207, 26, 'current', 6, NULL, NULL, NULL, 'images/sites/bcbg/bcbg_06.jpg', 825, 600),
(208, 27, 'current', 1, NULL, NULL, NULL, 'images/sites/herveleger/hl_01.jpg', 1020, 500),
(209, 27, 'current', 2, NULL, NULL, NULL, 'images/sites/herveleger/hl_02.jpg', 1020, 500),
(210, 27, 'current', 3, NULL, NULL, NULL, 'images/sites/herveleger/hl_03.jpg', 1020, 500),
(211, 27, 'current', 4, NULL, NULL, NULL, 'images/sites/herveleger/hl_04.jpg', 1020, 500),
(212, 27, 'current', 5, NULL, NULL, NULL, 'images/sites/herveleger/hl_05.jpg', 1020, 500),
(213, 27, 'current', 6, NULL, NULL, NULL, 'images/sites/herveleger/hl_06.jpg', 1020, 500),
(214, 27, 'current', 7, NULL, NULL, NULL, 'images/sites/herveleger/hl_07.jpg', 1020, 500),
(215, 27, 'current', 8, NULL, NULL, NULL, 'images/sites/herveleger/hl_08.jpg', 1020, 500),
(216, 27, 'current', 9, NULL, NULL, NULL, 'images/sites/herveleger/hl_09.jpg', 1020, 500),
(217, 28, 'current', 1, NULL, NULL, NULL, 'images/sites/bss/bss_th_home.jpg', 200, 230),
(218, 28, 'current', 2, NULL, NULL, NULL, 'images/sites/bss/newsite.png', 1343, 875),
(219, 29, 'current', 1, NULL, NULL, NULL, 'images/sites/ae/ae_01.jpg', 1011, 496),
(220, 29, 'current', 2, NULL, NULL, NULL, 'images/sites/ae/ae_01_1.jpg', 400, 400),
(221, 29, 'current', 3, NULL, NULL, NULL, 'images/sites/ae/ae_02.jpg', 1011, 496),
(222, 29, 'current', 4, NULL, NULL, NULL, 'images/sites/ae/ae_02_1.jpg', 400, 400),
(223, 29, 'current', 5, NULL, NULL, NULL, 'images/sites/ae/ae_03.jpg', 1011, 496),
(224, 29, 'current', 6, NULL, NULL, NULL, 'images/sites/ae/ae_03_1.jpg', 400, 400),
(225, 29, 'current', 7, NULL, NULL, NULL, 'images/sites/ae/ae_04.jpg', 1011, 496),
(226, 29, 'current', 8, NULL, NULL, NULL, 'images/sites/ae/ae_05.jpg', 1011, 496),
(227, 29, 'current', 9, NULL, NULL, NULL, 'images/sites/ae/ae_06.jpg', 1011, 496),
(228, 29, 'current', 10, NULL, NULL, NULL, 'images/sites/ae/ae_07.jpg', 1011, 496),
(229, 29, 'current', 11, NULL, NULL, NULL, 'images/sites/ae/ae_08.jpg', 1011, 496),
(230, 29, 'current', 12, NULL, NULL, NULL, 'images/sites/ae/AE_Directory_flat.jpg', 400, 518),
(231, 29, 'current', 13, NULL, NULL, NULL, 'images/sites/ae/AE_Essays_1.jpg', 400, 494),
(232, 29, 'current', 14, NULL, NULL, NULL, 'images/sites/ae/AE_Forms_flat.jpg', 400, 494),
(233, 29, 'current', 15, NULL, NULL, NULL, 'images/sites/ae/AE_home.jpg', 400, 300),
(234, 29, 'current', 16, NULL, NULL, NULL, 'images/sites/ae/AE_logo_black.jpg', 400, 418),
(235, 29, 'current', 17, NULL, NULL, NULL, 'images/sites/ae/AE_Onesheet_flat.jpg', 400, 504),
(236, 29, 'current', 18, NULL, NULL, NULL, 'images/sites/ae/AE_pert.jpg', 400, 227),
(237, 29, 'current', 19, NULL, NULL, NULL, 'images/sites/ae/AE_Tools_eventbudget.jpg', 400, 446),
(238, 29, 'current', 20, NULL, NULL, NULL, 'images/sites/ae/AE_Tools_excel1.jpg', 400, 509),
(239, 29, 'current', 21, NULL, NULL, NULL, 'images/sites/ae/AE_Tools_excel2.jpg', 400, 511),
(240, 29, 'current', 22, NULL, NULL, NULL, 'images/sites/ae/AE_Tools_excel3.jpg', 400, 507),
(241, 29, 'current', 23, NULL, NULL, NULL, 'images/sites/ae/AE_Tools_planning.jpg', 400, 509),
(242, 29, 'current', 24, NULL, NULL, NULL, 'images/sites/ae/AE_Tools_pressrelease.jpg', 400, 502),
(243, 29, 'current', 25, NULL, NULL, NULL, 'images/sites/ae/AE_Tools_production.jpg', 400, 498),
(244, 29, 'current', 26, NULL, NULL, NULL, 'images/sites/ae/AE_Tools_sponsors.jpg', 400, 499),
(245, 29, 'current', 27, NULL, NULL, NULL, 'images/sites/ae/book_illustrated_flat.png', 700, 1193),
(246, 29, 'current', 28, NULL, NULL, NULL, 'images/sites/ae/flow_chart.jpg', 400, 465),
(247, 29, 'current', 29, NULL, NULL, NULL, 'images/sites/ae/home_profile.jpg', 400, 300),
(248, 29, 'current', 30, NULL, NULL, NULL, 'images/sites/ae/MRI_pert_flat.jpg', 400, 505),
(249, 30, 'current', 1, NULL, NULL, NULL, 'images/sites/gabby/gabby_01.jpg', 1020, 500),
(250, 30, 'current', 2, NULL, NULL, NULL, 'images/sites/gabby/gabby_02.jpg', 1020, 500),
(251, 30, 'current', 3, NULL, NULL, NULL, 'images/sites/gabby/gabby_03.jpg', 1020, 500),
(252, 30, 'current', 4, NULL, NULL, NULL, 'images/sites/gabby/gabby_04.jpg', 1020, 500),
(253, 30, 'current', 5, NULL, NULL, NULL, 'images/sites/gabby/gabby_05.jpg', 1020, 500),
(254, 30, 'current', 6, NULL, NULL, NULL, 'images/sites/gabby/gabby_06.jpg', 1020, 500),
(255, 30, 'current', 7, NULL, NULL, NULL, 'images/sites/gabby/gabby_07.jpg', 1020, 500),
(256, 30, 'current', 8, NULL, NULL, NULL, 'images/sites/gabby/gabby_08.jpg', 1020, 500),
(257, 30, 'current', 9, NULL, NULL, NULL, 'images/sites/gabby/gabby_09.jpg', 1020, 500),
(258, 30, 'current', 10, NULL, NULL, NULL, 'images/sites/gabby/gabby_10.jpg', 1020, 500),
(259, 30, 'current', 11, NULL, NULL, NULL, 'images/sites/gabby/gabby_11.jpg', 1020, 500),
(260, 30, 'current', 12, NULL, NULL, NULL, 'images/sites/gabby/gabby_12.jpg', 1020, 500),
(261, 31, 'current', 1, NULL, NULL, NULL, 'images/sites/ruth/ruth_1.jpg', 1017, 500),
(262, 31, 'current', 2, NULL, NULL, NULL, 'images/sites/ruth/ruth_2.jpg', 1017, 500),
(263, 31, 'current', 3, NULL, NULL, NULL, 'images/sites/ruth/ruth_3.jpg', 1017, 500),
(264, 31, 'current', 4, NULL, NULL, NULL, 'images/sites/ruth/ruth_4.jpg', 1017, 500),
(265, 31, 'current', 5, NULL, NULL, NULL, 'images/sites/ruth/ruth_5.jpg', 1017, 500),
(266, 31, 'current', 6, NULL, NULL, NULL, 'images/sites/ruth/ruth_xl_home.jpg', 1362, 933),
(267, 32, 'current', 1, NULL, NULL, NULL, 'images/sites/margaret/margaret_01.jpg', 1020, 500),
(268, 32, 'current', 2, NULL, NULL, NULL, 'images/sites/margaret/margaret_02.jpg', 1020, 500),
(269, 32, 'current', 3, NULL, NULL, NULL, 'images/sites/margaret/margaret_03.jpg', 1020, 500),
(270, 32, 'current', 4, NULL, NULL, NULL, 'images/sites/margaret/margaret_04.jpg', 1020, 500),
(271, 32, 'current', 5, NULL, NULL, NULL, 'images/sites/margaret/margaret_05.jpg', 1020, 500),
(272, 32, 'current', 6, NULL, NULL, NULL, 'images/sites/margaret/margaret_06.jpg', 1020, 500),
(273, 33, 'current', 1, NULL, NULL, NULL, 'images/sites/fuse/fuse_01.jpg', 1020, 500),
(274, 33, 'current', 2, NULL, NULL, NULL, 'images/sites/fuse/fuse_02.jpg', 1020, 500),
(275, 33, 'current', 3, NULL, NULL, NULL, 'images/sites/fuse/fuse_03.jpg', 1020, 500),
(276, 33, 'current', 4, NULL, NULL, NULL, 'images/sites/fuse/fuse_05.jpg', 1020, 500),
(277, 33, 'current', 5, NULL, NULL, NULL, 'images/sites/fuse/fuse_06.jpg', 1020, 500),
(278, 33, 'current', 6, NULL, NULL, NULL, 'images/sites/fuse/fuse_07.jpg', 1020, 500),
(279, 33, 'current', 7, NULL, NULL, NULL, 'images/sites/fuse/fuse_xl_home.jpg', 1365, 933),
(280, 34, 'current', 1, NULL, NULL, NULL, 'images/sites/ankh/ankh07_snapshot.jpg', 1023, 768),
(281, 34, 'current', 2, NULL, NULL, NULL, 'images/sites/ankh/ankh08_snapshot.jpg', 300, 273);

-- --------------------------------------------------------

--
-- Estructura de tabla para la tabla `langtracker`
--

CREATE TABLE IF NOT EXISTS `langtracker` (
  `langtracker_id` int(11) NOT NULL AUTO_INCREMENT,
  `langtracker_key` varchar(400) COLLATE utf8_unicode_ci NOT NULL,
  `langtracker_file` varchar(400) COLLATE utf8_unicode_ci NOT NULL,
  `langtracker_linenum` int(4) NOT NULL,
  `langtracker_url` varchar(2000) COLLATE utf8_unicode_ci NOT NULL,
  `langtracker_host` varchar(255) COLLATE utf8_unicode_ci NOT NULL,
  `langtracker_es` varchar(2000) COLLATE utf8_unicode_ci DEFAULT NULL,
  `langtracker_en` varchar(2000) COLLATE utf8_unicode_ci DEFAULT NULL,
  `langtracker_language` varchar(25) COLLATE utf8_unicode_ci NOT NULL,
  `langtracker_status` varchar(255) COLLATE utf8_unicode_ci NOT NULL DEFAULT 'debug',
  `langtracker_added` int(11) DEFAULT NULL,
  `langtracker_updated` timestamp NOT NULL DEFAULT CURRENT_TIMESTAMP ON UPDATE CURRENT_TIMESTAMP,
  PRIMARY KEY (`langtracker_id`),
  KEY `langtracker_language` (`langtracker_language`)
) ENGINE=MyISAM DEFAULT CHARSET=utf8 COLLATE=utf8_unicode_ci AUTO_INCREMENT=1 ;

--
-- Volcar la base de datos para la tabla `langtracker`
--


-- --------------------------------------------------------

--
-- Estructura de tabla para la tabla `licenses`
--

CREATE TABLE IF NOT EXISTS `licenses` (
  `license_id` int(11) NOT NULL AUTO_INCREMENT,
  `license_link` varchar(2000) COLLATE utf8_unicode_ci NOT NULL,
  `license_download` varchar(2000) COLLATE utf8_unicode_ci NOT NULL,
  `license_title` varchar(255) COLLATE utf8_unicode_ci NOT NULL,
  PRIMARY KEY (`license_id`)
) ENGINE=MyISAM DEFAULT CHARSET=utf8 COLLATE=utf8_unicode_ci AUTO_INCREMENT=1 ;

--
-- Volcar la base de datos para la tabla `licenses`
--


-- --------------------------------------------------------

--
-- Estructura de tabla para la tabla `projects`
--

CREATE TABLE IF NOT EXISTS `projects` (
  `project_id` int(11) NOT NULL AUTO_INCREMENT,
  `project_status` enum('current','deleted') COLLATE utf32_unicode_ci NOT NULL DEFAULT 'current',
  `project_startdate` date DEFAULT NULL,
  `project_launchdate` date DEFAULT NULL,
  `project_startyear` smallint(4) NOT NULL,
  `project_launchyear` smallint(4) NOT NULL,
  `project_title` varchar(55) COLLATE utf32_unicode_ci DEFAULT NULL,
  `project_subtitle` varchar(255) COLLATE utf32_unicode_ci NOT NULL,
  `project_liveurl` varchar(255) COLLATE utf32_unicode_ci DEFAULT NULL,
  `project_devurl` varchar(255) COLLATE utf32_unicode_ci DEFAULT NULL,
  `license_id` varchar(255) COLLATE utf32_unicode_ci DEFAULT NULL,
  `project_copyright` varchar(255) COLLATE utf32_unicode_ci NOT NULL,
  `project_client` varchar(255) COLLATE utf32_unicode_ci NOT NULL,
  `project_icon` varchar(2000) COLLATE utf32_unicode_ci DEFAULT NULL,
  `project_devtools` varchar(2000) COLLATE utf32_unicode_ci DEFAULT NULL,
  `project_industries` varchar(255) COLLATE utf32_unicode_ci DEFAULT NULL,
  `project_team` varchar(2000) COLLATE utf32_unicode_ci DEFAULT NULL,
  `project_technotes` varchar(4000) COLLATE utf32_unicode_ci DEFAULT NULL,
  `project_desc` varchar(2000) COLLATE utf32_unicode_ci DEFAULT NULL,
  PRIMARY KEY (`project_id`)
) ENGINE=InnoDB  DEFAULT CHARSET=utf32 COLLATE=utf32_unicode_ci AUTO_INCREMENT=35 ;

--
-- Volcar la base de datos para la tabla `projects`
--

INSERT INTO `projects` (`project_id`, `project_status`, `project_startdate`, `project_launchdate`, `project_startyear`, `project_launchyear`, `project_title`, `project_subtitle`, `project_liveurl`, `project_devurl`, `license_id`, `project_copyright`, `project_client`, `project_icon`, `project_devtools`, `project_industries`, `project_team`, `project_technotes`, `project_desc`) VALUES
(1, 'current', '2007-09-01', '2008-02-01', 2007, 2008, 'The LoveQuest Tour', '', NULL, NULL, NULL, 'TaylorMadeTraffic', '', NULL, 'Illustrator, Photoshop, Flash', 'music,events', 'Design:E.A.Taylor;Animation:Justin Herman', NULL, '3 city concert tour featuring the Legendary ?uestLove Live'),
(2, 'current', '2007-09-01', NULL, 2007, 0, 'Flavor', '', NULL, NULL, NULL, 'TaylorMadeTraffic', '', NULL, 'Illustrator,Photoshop', 'music,events', 'Design:E.A.Taylor', NULL, 'An unrealized campaign pitch to MetroPCS in Southern California'),
(3, 'current', '2007-09-01', '2008-02-01', 2007, 2008, 'Black Fire', '', 'http://www.blackfirepress.com/', NULL, NULL, '', 'BlackFire', NULL, 'Illustrator, Photoshop', 'music,art', 'Design:E.A.Taylor;Arist:Biko', NULL, 'Two incredible artists, musicians, and educators that light up stages of multiple mediums'),
(4, 'current', '2005-09-01', '2006-09-01', 2005, 2006, 'Ambitions', '', NULL, NULL, NULL, 'TaylorMadeTraffic', '', NULL, 'Illustrator, Photoshop', 'music,events', 'Design:E.A.Taylor;Business Development:Paul Roberson,Yellow', NULL, 'An Annual HBCU Reunion Party for the West Coast residents'),
(5, 'current', '2005-01-01', '2005-02-01', 2005, 2005, 'Nina Vidal', '', NULL, NULL, NULL, '', '', NULL, 'Photoshop', 'music', 'Design:E.A.Taylor', NULL, NULL),
(6, 'current', '2006-01-01', '2006-01-01', 2006, 2006, 'WSCC', '', NULL, NULL, NULL, 'WSCC', '', NULL, 'Illustrator, Photoshop, Flash', 'health', 'Design:E.A.Taylor', NULL, NULL),
(7, 'current', '2003-08-01', '2004-08-01', 2003, 2004, 'Traffic', '', 'http://www.taylormadetraffic.com/TMT/Traffic/', NULL, NULL, 'TaylorMadeTraffic', '', NULL, 'Illustrator, Photoshop, Flash', 'music,art,events', 'Design:Dan Wilson;Producer:E.A.Taylor', NULL, 'Raised $7,000 in cash corporate sponsorships, $10,000 in booth sales, and saved $12,000 through cross promotions with local printing press, SF Guardian, KMEL and online media.'),
(8, 'current', '2013-05-01', NULL, 2013, 0, 'LealtadCard', '', NULL, NULL, NULL, 'TaylorMadeTraffic', 'SuperWashingWell Laundromat', NULL, 'Native Android SDK,Facebook SDK,Chord Framework,All-Share Frameword', 'ecommerce,marketing,analytics', 'Design:E.A.Taylor;Front-End:E.A.Taylor;Back-End:E.A.Taylor;Business Development: Sam Taylor', 'The promotions can be sent via SMS and Galaxy''s Chord Framework', 'A tool for independent retailers to public and track product promotions and their returned value. And a tool for consumers to search promotions and publish their own controlled requests for good deals.'),
(9, 'current', '2012-11-01', '2013-01-01', 2012, 2013, 'Track Authority', '', 'http://trackauthoritymusic.com', NULL, NULL, 'TaylorMadeTraffic', '', NULL, 'PHP,mySQL,AJAX,JavaScript,Bash,Android WebView,Facebook SDK', 'music,events,gaming', 'Design:E.A.Taylor;Front-End:E.A.Taylor;Back-End:E.A.Taylor;Business Development:E.A.Taylor,Andrew Williams', 'The website''s codebase uses a LAMP environment, but is highly optimized by several Bash scripts. One is run from a CRON to use ImageMagick for cropping and resizing images based on automated cue table maintained when a size or shape is requested that has not yet been cut.  Another is for re-indexing the music catalogue - of 20,000 songs and growing. It extends a tool called Beets to correct mp3 meta-data, download artwork and lyrics, and determine sound-wave averages such as BPM (beats-per-minute) and Replay Gain (used to determine average encoded decibel volume of the sound wave). The backend system also includes an asynchronous email service which I linked seamlessly to the front-end webpage templates with a CSS inliner script. The site scales perfectly to all screen widths above 320 pixels wide, but I am well underway with a native Android version of the player with 0-100 scale music ratings to refine the rotation of songs.', 'My dream project has included designing and developing this music game that rewards high rated users with free music, gift certificates, concert tickets and cash.'),
(10, 'current', '2013-07-01', '2013-12-01', 2013, 2013, 'ID Dashboard', '', 'http://analytics.idinteractive.co', NULL, NULL, 'ID Interactive', '', NULL, 'PHP,mySQL,AJAX,JavaScript,Google SDK,Facebook SDK,YouTube SDK,Twitter SDK', 'analytics', 'Design:E.A.Taylor;Front-End:E.A.Taylor;Back-End:E.A.Taylor;Business Development:Juan Ruiz,Claudia Herez;QA:Alejandra F', 'Over 45 Google Visualization Graphs can be created in less than 10 seconds, and by entering just a few project goals in the form of KPIs (Key Performance Indicators), graphs are automatically colorized in to indicate how they are performing. Project & account managers can also using a simple CMS built within the reports to comment on specific metrics, add headers, group graphics, change sizes and drill on the data through AJAX connections to all the original API services. The permissions matrix is controlled per client, brand, and project with 6 levels of access, including approving static publically visible reports with encrypted URLs.', 'The tool automates monthly reports due to Unilever, Kraft, and their other clients by aggregating data from all marketing channels and tracking tools such as Twitter, Facebook Insights, Google Anayltics, Youtube, and the Apple AppStore.'),
(11, 'current', '2013-11-01', '2013-12-01', 2013, 2013, 'Oreo Navidad', '', 'http://www.ganaoreo.com', NULL, NULL, 'Oreo', 'ID Interactive', NULL, 'PHP,mySQL,JavaScript,PHP,mySQL', 'gaming', 'Design:Camilo;Front-End:E.A.Taylor;Back-End:E.A.Taylor', 'Searches against the 20 million codes took .00018 seconds on average, and supported business rules for requiring Catpcha - created at runtime using GD - when a user searched any valid codes more than 12 times in a day. I also included several backend tracking tools to and secure testing tools to simulate varying degrees of traffic, code searches, and minimum probabilities.', 'ID builds marketing platforms for a long list of great clients with creative projects and campaigns. One of the most fun I built in a quick 4 weeks was Oreo Navidad. The campaign was based on 20 million codes printed on Oreo packages throughout Colombia. There were 5 types of prizes to win in varying amounts with a total of 287 to give.  No one code could be considered a winner in advance, and the prizes should be distributed evenly throughout the 60 day campaign. I wrote the probability to be related to the average number of people playing daily and distributed all prizes - by number and type – evenly until the last day.'),
(12, 'current', '2002-11-01', '2004-12-01', 2002, 2004, 'Collectiv LLC', '', 'http://www.collectiv.com/', 'http://www.collectiv.com/events.php', NULL, 'Collectiv LLC', '', NULL, NULL, 'music,art,events', 'Design:Jamie Williams,E.A.Taylor;Front-End:Jamie Williams,E.A.Taylor;Back-End:Jamie Williams;Project Managment:Eli Taylor,Drew Williams,Tommy Goodwin', NULL, '<ul>\n                <li>The Collectiv was born in the summer of 2001 in Oakland, CA. Our organization was founded by A. Williams, aka Sokrates, with a mission to “empower the Hip Hop community through education and entrepreneurship.” We pursue this mission by sponsoring a diverse range of programs with distinct yet cooperative goals. We work with young entrepreneurs, activists and artists to design financially viable programs that will provide new opportunities for empowerment. We seek to create the perfect environment for turning an idea into impact.\n                <li>The Collectiv currently sponsors three programs, Collectiv Records, Collectiv Arts & Entertainment and Collectiv Foundation. Each of these programs occupies a distinct niche within the Hip Hop community.</li>\n                </ul>'),
(13, 'current', '2009-05-01', '2012-07-01', 2009, 2012, 'Healthline Navigator', '', 'http://www.healthline.com/corporate/navigator/prod/demo.html', NULL, NULL, 'Healthline Networks', '', NULL, 'Java,Spring,Oracle,JavaScript,JSONP', 'health,marketing', 'Design:E.A.Taylor;Front-End:E.A.Taylor;Backend-End:E.A.Taylor,AJ Chen,Steve Jackson', '<ul>\n                    <li>The system supports up to 60 requests per second including tracking pixels and over 50,000 SQL inserts batched daily through an asynchronous SQL loader. (Clients included healthline.com, sharecare.com, health.yahoo.net, drugs.com and others)</li>\n                    <li>Units can be injected on-load and by user-engagement, directly on the page, or by hyper-linking keywords in the page source. Keywords can be pre-selected during the crawling process or via a client-side DOM scanner searching common semantics and other ad tags running simultaneously. This allows well targeted advertising services without a backend processor for contextualization</li>\n                    <li>Navigator can automatically detect appropriate ad placement via another DOM scanner that measures element''s amount of text, dimensions, DOM structure and tag types. It also can be more tightly controlled via Dashboard described below.</li>\n                    <li>Injected content - where hyper-links remain on the host website – can be placed to provide additional navigation tools for the user. However this requires pre-indexing the client''s entire site. This process is targeted, cued and controlled by Navigator and its Dashboard, described below.</li>\n                </ul>', 'Best described at healthline.com/corporate/navigator/prod/demo.html, Navigator is a cross-domain script tag used to inject contextual ads and content onto any web page from a single line of JavaScript.'),
(14, 'current', '2009-05-01', '2012-07-01', 2009, 2012, 'Healthline Dashboard', '', 'http://nav.healthline.com/healthstat/nav/dashboard/login', NULL, NULL, 'Healthline Networks', '', NULL, 'Java,Spring,Oracle,JavaScript,AJAX', 'health,analytics,marketing', 'Design:E.A.Taylor;Front-End:E.A.Taylor;Back-End:EliTaylor', '<ul>\n                    <li>Dashboard aids in backend debugging of the Healthline Taxonomy and search decisions. It also provides the crawler additional controls for prioritizing areas of the page to parse, skip, and flag for changes or inter-linking .</li>\n                    <li>Through Dashboard you can rebuild any webpage within a proxy environment on Healthline servers in order to install, test, and demonstrate Navigation functionality on any URL</li>\n                </ul>', 'Dashboard is a Content-Management-System and debugging tool for reviewing Navigator, healthSTAT, and internal crawler''s performance across various installations.'),
(15, 'current', '2009-05-01', '2012-07-01', 2009, 2012, 'Healthline computeQA', '', 'http://www.healthline.com/corporate/navigator/prod/crawler.html?domain=healthline', NULL, NULL, 'Healthline Networks', '', NULL, 'WebSQL-lite,JavaScript,Google Chrome Extension,LocalStorage', 'analytics', 'Design:E.A.Taylor;Front-End:E.A.Taylor;Back-End:EliTaylor', '<ul>\n                    <li>Builds automated reports on how pages are categorized by many different engines and APIs, while tracking the web of links between each page. Everything is stored in SQLite LocalStorage via Lawnchair. Ex. healthline.com/corporate/navigator/stage/crawler.html?domain=sharecare  or ?domain=healthline (both take a while to load all 30K rows)</li>\n                    <li>Takes .jpg screenshots of every page crawled. It can also first render watermarks or outline all areas of the page by targeting categories for easier review &amp; debugging.</li>\n                </ul>', 'A Google Chrome Extension and browser-based Crawler to automate QA of both source code, flash ads, any JavaScript installation.'),
(16, 'current', '2013-08-01', NULL, 2013, 0, 'Studio En Vivo', '', NULL, NULL, NULL, 'TaylorMadeTraffic', '', NULL, 'Native Android SDK,Chord Framework,All-Share Frameword', 'music,gaming', 'Design:E.A.Taylor;Front-End:E.A.Taylor', 'The music is shared a runtime using Galaxy''s All-Share and Chord Framework', 'An mobile beat machine to create and share music with friends'),
(17, 'current', '2010-05-01', '2011-07-01', 2010, 2011, 'Known Your Numbers', '', 'http://www.healthline.com/corporate/widgets/OptumTools/index.html', 'http://www.healthline.com/corporate/widgets/OptumTools/demo.html', NULL, 'OptumHealth', 'Healthline Networks', NULL, 'Flex,AS3', 'health', 'Design:Matt;Front-End:E.A.Taylor;Project Management:Steve Berley', 'The business requirements insisted - without much good reason - that the tool be distrutable as a single self-contained file which could be easily reskinned for other brands. It was not clear if their target device''s would run Java (Applets), but certain they had browsers with Flash, so used Flex and AS3.', 'A set of 30 tools developed for OptumTool'),
(18, 'current', '2010-05-01', '2011-07-01', 2010, 2011, 'Munchie Madness', '', 'http://www.healthline.com/tournaments/healthy-frozen-dinners-tournament', 'http://www.healthline.com/channel/healthy-fast-food-video', NULL, 'Healthline Networks', '', NULL, 'Flex,AS3', 'health,food', 'Design:Matt;Front-End:E.A.Taylor', 'These two links are just a few of the very interactive microsites / applications I built for Healthline''s editorial team or sponsoring partners.', NULL),
(19, 'current', '2009-08-01', '2009-10-01', 2009, 2009, 'TaylorMadeTraffic.com - Flash', '', 'flash.taylormadetraffic.com', NULL, NULL, 'Healthline Networks', '', NULL, 'Flex,AS3', 'art', 'Design:E.A.Taylor;Front-End:E.A.Taylor', NULL, NULL),
(20, 'current', '2009-05-01', '2009-07-01', 2009, 2009, 'Elite Wedding Locations', '', 'http://www.eliteweddinglocations.com', 'http://www.weddinglocations.com/clientpass/index.php', NULL, 'Elite Wedding Locations', 'Noospheric LLC', NULL, 'AJAX,AS3,Flex,PHP,mySQL,JavaScript', 'analytics,marketing', 'Design:E.A.Taylor;Front-End:E.A.Taylor;Back-End:EliTaylor;Project Management:Jacquas Habra,Kevin Kent,James McCorkle', 'This system included 3 levels of access with top level administrators being able to change cost values per account or property, receive notifications upon account logins, and scheduling custom reports to be email at any frequency or timespan, to anyone. The system provides complete drilling capabilities on any data set for any time frame; and populates both Flex graphs and DHTML tables and charts with a single click.', 'A reporting system for advertisers to view site traffic, user inquiries on their properties, and return-on-investment figures.'),
(21, 'current', '2009-07-01', '2009-08-01', 2009, 2009, 'Black Panther Party', '', 'http://www.blackpanther.org', 'http://skye.taylormadetraffic.com/bpp/', NULL, '', 'Huey P. Newton Foundation', NULL, 'AS3,PHP,mySQL,AJAX,JavaScript', 'education,ecommerce', 'Design:E.A.Taylor;Front-End:E.A.Taylor;Back-End:EliTaylor;Project Management:Dorion Hillard', 'Implemented the Google Language API (php) to translate entire site and individual articles to nearly any language using an asynchronous AJAX cue-engine to control http request priorities, frequency and timeouts. Extended open source CMS OpenCart with configuration options to map and re-stylize all products and profiles', 'Design & developed a unique interface for navigating articles, essays, events, and new program initiatives.'),
(22, 'current', '2009-03-01', '2009-10-01', 2009, 2009, 'ChartMedica', '', 'http://www.chartmedica.com', NULL, NULL, 'ChartMedica LLC', '', NULL, 'AS3,Flex,PHP,mySQL', 'health', 'Design:E.A.Taylor;Front-End:E.A.Taylor;Back-End:EliTaylor,Roy,David', 'Developed Flex-based interface for a patient''s medical records system. Extended the server-side services to generate dynamic PDF (fpdf) of records and record requests. PDFs were then automatically faxed to physician offices when 5 available incoming fax lines to parse and import records (using myFax.com API). The application also included other libraries and components such as e-signing with Flex and hospital searches by location and specialty.', 'Features included an advanced pdf viewing tool, autocompletes searching over 600K records, and automated faxing via MyFax API.'),
(23, 'current', '2008-09-01', '2009-02-01', 2008, 2009, 'The Means', '', 'http://www.TheMeans.info', 'http://www.TheMeans.info/_dev/web40.php', '1', 'TaylorMadeTraffic', 'Berkeley High School', NULL, 'AS3,PHP,mySQL,AJAX,JavaScript', 'education,e-learning', 'Design:E.A.Taylor;Front-End:E.A.Taylor;Back-End:EliTaylor;Product Development:Biko Eisen-Martin', 'UI Tools include tinyMCE text editor, advance sourcing maps, and multi-category search options', 'A tool for teachers and students to develop the writing process. Modeled after a traditional newsroom, students and teachers can develop assignements, work on multiple versions of a story, share ideas within the class, and more.'),
(24, 'current', '2009-09-01', '2010-01-01', 2009, 2010, 'MyCubi.com', '', NULL, NULL, '1', 'MyCubi', '', NULL, 'PHP,mySQL,Facebook SDK,JavaScript,AJAX', 'marketing,ecommerce', 'Front-End:E.A.Taylor,Anatoliy Yastreb;Back-End:EliTaylor,Anatoliy Yastreb;Product Development:Danielle McCormick,Maeve Hackett,Will McCormick,Michael D Montoya,Colm Walsh', 'A social networking tool for connecting sellers, buyers, and services\n                <ul>\n                    <li>Wrote advanced search logic for finding and filtering results by type, distance, price, date, time and other criteria.</li>\n                    <li>Plotted all search results on a Google mapping application - by distance using the Haversine formula - with custom markers for Cubi type. Upon clicking markers expanded with tabbed windows to provide additional StreetViews, ‘cubi'' details, and directions (using Google maps v2 api).</li>\n                    <li>Built Facebook application (using FBConnect) to post on user walls and send messages to friend''s inboxes.</li>\n                    <li>Integrated and upgraded social networking ‘inviter'' script to share/publish user profiles and details across a dozen email clients and two dozen social networks.</li>\n                </ul>', NULL),
(25, 'current', '2010-03-01', '2010-06-01', 2010, 2010, 'Planet Maple', '', 'http://pmsk8.com', NULL, '1', 'Planet Maple', 'Planet Maple', NULL, 'PHP,mySQL,Facebook SDK,JavaScript,AJAX', 'sports,ecommerce', 'Front-End:E.A.Taylor;Back-End:EliTaylor;Design:E.A.Taylor;Product Development:Lisa Vasquez,Cedric Bell,William Lamar', 'Design & developed e-commerce platform based on CMS OpenCart with custom modules for resident skater / surfer profiles and FBConnect (depreciated)', NULL),
(26, 'current', '2008-04-01', '2008-08-01', 2008, 2008, 'BCBGMaxAzriaGroup', '', 'http://www.bcbgmaxazriagroup.com/Fall2009', NULL, NULL, 'BCBGMaxAzriaGroup', '', NULL, 'AS2,PHP,mySQL', 'fashion', 'Design:Natasha Li;Front-End:E.A.Taylor,Robert Baindourve;Back-End:Edwin Ado,Ray;Artistic Direction:Edwin Roses', '<ul>\n                    <li>Created Fall 2008 BCBGMaxAzriaGroup company site and flash catalogue with another team member</li>\n                    <li>Built BCBG.tv to archive all video content with search and sorting capabilities. Delivered thumbnail and text descriptions of every video with content pulled from static XML, Flash Media Server, and mySQL/PHP</li>\n                    <li>Created Tell-A-Friend applications for users to email their friends products and links directly from our site</li>\n                    <li>Added client side features for saving settings and style preferences via Local Shared Objects (flash cookies)</li>\n                </ul>', 'A major overhaul of the corporate branding home'),
(27, 'current', '2008-07-01', '2008-08-01', 2008, 2008, 'HerveLeger', '', 'http://www.herveleger.com', NULL, NULL, 'HerveLeger', 'BCBGMaxAzriaGroup', NULL, 'AS2,PHP,mySQL', 'fashion', 'Design:Joe;Front-End:E.A.Taylor;Back-End:Edwin Ado', 'Developed store location profiles & finder, alongwith runway/fashion show video presentations', 'The highest priced brand from the BCBGMaxAzriaGroup'),
(28, 'current', '2008-08-01', '2008-12-01', 2008, 2008, 'Building Safety Solutions', '', 'http://www.bssnet.com', NULL, NULL, 'Building Safety Solutions', '', NULL, 'AS2,JSFL,Scorm', 'education,e-learning', '3DModeling:Umberto Polanco;Front-End:E.A.Taylor;Back-End:E.A.Taylor;Business Development:Hector Gomez', '<ul>           \n                <li>Integrated Building-Safety-Solution''s (www.bssnet.com) emergency evacuation training program with Ameriprise Financial''s Learning-Management-System (LMS). Wrote an External-Interface class to allow Flash buttons to communicate with the LMS through a JavaScript-based API called SCORM 1.2</li>\n                <li>Wrote a JSFL script to export, convert and organize named layers directly from Illustrator CS3 into a single Flash movie clip. A naming convention for each layer in Illustrator specified how movie clips were named and embedded within each other. This provided the core content for a standalone Flash product which I built to allow safety professionals and engineers to zoom and locate safety equipment, stairwells, sprinklers and more, on every floor, throughout multiple skyscrapers.</li>\n                </ul>', 'Commercial software providing interactive emergency evacuation training for skyscrapers and public buildings throughout the US. Advanced UI tools include detail floor maps of emergency equipment and exit routes with controls for sorting and searching'),
(29, 'current', '2004-08-01', NULL, 2004, 0, 'The A&E Advisor', '', NULL, NULL, NULL, 'TaylorMadeTraffic', '', NULL, 'AS3,Illustrator, Photoshop, Flash', 'education,e-learning', 'Design:E.A.Taylor;Front-End:E.A.Taylor;Design:E.A.Taylor;Business Development:E.A.Taylor;Legal Consul:Che Hashim', 'Through predictive questioning, the tool was meant to create completely customized contracts from a intelligent questionnaire about the parties involved, their interests, and needs. Provides bi-partisian advice from attorneys, artists, and industry professionals', 'Before E-books, this has been a dream to produce a fully interactive textbook for the Legal and Strategical Aspects of the Music Recording Industry'),
(30, 'current', '2008-08-01', '2009-01-01', 2008, 2009, 'Good Life With Gabby', '', 'http://www.goodlifewithgabby.com', NULL, NULL, 'Good Life With Gabby', '', NULL, 'AS2,PHP,mySQL,JavaScript,AJAX,Google SDK', 'kids,health', 'Front-End:E.A.Taylor;Back-End:E.A.Taylor;Free-Hand:Unknown;Business Development:Lisa Vasquez', 'Designed and developed all animation and interactivity for a kids'' website on healthy eating habits and recipes (AS2/XML/PHP: www.goodlifewithgabby.com / flash.goodlifewithgabby.com). Applications included coloring book, recipes sorter, dynamic video player, and language translator via Google Language API', 'A fun, educational site for kids and parents to learn about, and find recipes on healthy lifestyles and nutrition. Includes tooling book, jquery shopping page, recipes table, videos, and translation of virtually everything into 12 languages at runtime via google''s language API.'),
(31, 'current', '2008-05-01', '2009-06-01', 2008, 2009, 'Ruth Raser', '', 'http://www.ruthraser.com', 'http://www.ruthraser.com/newRaser.html', NULL, 'Ruth Raser', '', NULL, 'AS3,Flex', 'fashion', 'Design:E.A.Taylor;Development:E.A.Taylor', NULL, 'A unique approach to navigation, with advance controls for restyling the site''s backgrounds, panels, and colors at runtime.'),
(32, 'current', '2009-01-01', '2009-02-01', 2009, 2009, 'Margaret Timbrell', '', NULL, NULL, NULL, 'Margaret Timbrell', '', NULL, 'AS3', 'art', 'Front-End:E.A.Taylor;Design:E.A.Taylor', NULL, 'A simple and effective layout with clean animation and some customizing features'),
(33, 'current', '2009-03-01', '2009-04-01', 2009, 2009, 'Fuse Green', '', NULL, NULL, NULL, 'Fuse Green', '', NULL, 'AS3,Flash', 'art,fashion', 'Front-End:E.A.Taylor;Back-End:E.A.Taylor;Design:Fuse Green', NULL, 'A graphic designer''s portfolio offering zooming tools on every image and easy access to every page and image at once.'),
(34, 'current', '2004-04-01', '2006-02-01', 2004, 2006, 'Ankh Marketing', '', NULL, NULL, NULL, 'Ankh Marketing', '', NULL, 'AS2', 'music,events', 'Design:E.A.Taylor;Front-End:E.A.Taylor', NULL, 'A few very old flash sites and email blass for friends and the former employer of Ankh');

-- --------------------------------------------------------

--
-- Estructura de tabla para la tabla `tags`
--

CREATE TABLE IF NOT EXISTS `tags` (
  `tag_id` int(11) NOT NULL AUTO_INCREMENT,
  `tag_type` varchar(55) COLLATE utf8_unicode_ci NOT NULL COMMENT '''code'',''year'',''companies'',''team'',''team_%''',
  `tag_key` varchar(55) COLLATE utf8_unicode_ci NOT NULL,
  `project_id` int(11) NOT NULL,
  `tag_date` date NOT NULL,
  `tag_singular` varchar(55) COLLATE utf8_unicode_ci DEFAULT NULL,
  `tag_plural` varchar(55) COLLATE utf8_unicode_ci DEFAULT NULL,
  `tag_language` enum('en','es') COLLATE utf8_unicode_ci NOT NULL DEFAULT 'en',
  PRIMARY KEY (`tag_id`)
) ENGINE=MyISAM  DEFAULT CHARSET=utf8 COLLATE=utf8_unicode_ci AUTO_INCREMENT=411 ;

--
-- Volcar la base de datos para la tabla `tags`
--

INSERT INTO `tags` (`tag_id`, `tag_type`, `tag_key`, `project_id`, `tag_date`, `tag_singular`, `tag_plural`, `tag_language`) VALUES
(1, 'technologies', 'Illustrator', 1, '2008-02-01', NULL, NULL, 'en'),
(2, 'technologies', 'Photoshop', 1, '2008-02-01', NULL, NULL, 'en'),
(3, 'technologies', 'Flash', 1, '2008-02-01', NULL, NULL, 'en'),
(4, 'companies', 'TaylorMadeTraffic', 1, '2008-02-01', NULL, NULL, 'en'),
(5, 'industries', 'music', 1, '2008-02-01', NULL, NULL, 'en'),
(6, 'industries', 'events', 1, '2008-02-01', NULL, NULL, 'en'),
(7, 'team_design', 'E.A.Taylor', 1, '2008-02-01', NULL, NULL, 'en'),
(8, 'team_animation', 'Justin Herman', 1, '2008-02-01', NULL, NULL, 'en'),
(9, 'years', '2007', 1, '2007-09-01', NULL, NULL, 'en'),
(10, 'years', '2008', 1, '2007-09-01', NULL, NULL, 'en'),
(11, 'technologies', 'Illustrator', 1, '2008-02-01', NULL, NULL, 'en'),
(12, 'technologies', 'Photoshop', 1, '2008-02-01', NULL, NULL, 'en'),
(13, 'technologies', 'Flash', 1, '2008-02-01', NULL, NULL, 'en'),
(14, 'companies', 'TaylorMadeTraffic', 1, '2008-02-01', NULL, NULL, 'en'),
(15, 'industries', 'music', 1, '2008-02-01', NULL, NULL, 'en'),
(16, 'industries', 'events', 1, '2008-02-01', NULL, NULL, 'en'),
(17, 'team_design', 'E.A.Taylor', 1, '2008-02-01', NULL, NULL, 'en'),
(18, 'team_animation', 'Justin Herman', 1, '2008-02-01', NULL, NULL, 'en'),
(19, 'years', '2007', 1, '2007-09-01', NULL, NULL, 'en'),
(20, 'years', '2008', 1, '2007-09-01', NULL, NULL, 'en'),
(21, 'technologies', 'Illustrator', 2, '2007-09-01', NULL, NULL, 'en'),
(22, 'technologies', 'Photoshop', 2, '2007-09-01', NULL, NULL, 'en'),
(23, 'companies', 'TaylorMadeTraffic', 2, '2007-09-01', NULL, NULL, 'en'),
(24, 'industries', 'music', 2, '2007-09-01', NULL, NULL, 'en'),
(25, 'industries', 'events', 2, '2007-09-01', NULL, NULL, 'en'),
(26, 'team_design', 'E.A.Taylor', 2, '2007-09-01', NULL, NULL, 'en'),
(27, 'years', '2007', 2, '2007-09-01', NULL, NULL, 'en'),
(28, 'technologies', 'Illustrator', 3, '2008-02-01', NULL, NULL, 'en'),
(29, 'technologies', 'Photoshop', 3, '2008-02-01', NULL, NULL, 'en'),
(30, 'companies', 'BlackFire', 3, '2008-02-01', NULL, NULL, 'en'),
(31, 'industries', 'music', 3, '2008-02-01', NULL, NULL, 'en'),
(32, 'industries', 'art', 3, '2008-02-01', NULL, NULL, 'en'),
(33, 'team_design', 'E.A.Taylor', 3, '2008-02-01', NULL, NULL, 'en'),
(34, 'team_arist', 'Biko', 3, '2008-02-01', NULL, NULL, 'en'),
(35, 'years', '2007', 3, '2007-09-01', NULL, NULL, 'en'),
(36, 'years', '2008', 3, '2007-09-01', NULL, NULL, 'en'),
(37, 'technologies', 'Illustrator', 4, '2006-09-01', NULL, NULL, 'en'),
(38, 'technologies', 'Photoshop', 4, '2006-09-01', NULL, NULL, 'en'),
(39, 'companies', 'TaylorMadeTraffic', 4, '2006-09-01', NULL, NULL, 'en'),
(40, 'industries', 'music', 4, '2006-09-01', NULL, NULL, 'en'),
(41, 'industries', 'events', 4, '2006-09-01', NULL, NULL, 'en'),
(42, 'team_design', 'E.A.Taylor', 4, '2006-09-01', NULL, NULL, 'en'),
(43, 'team_business development', 'Paul Roberson', 4, '2006-09-01', NULL, NULL, 'en'),
(44, 'team_business development', 'Yellow', 4, '2006-09-01', NULL, NULL, 'en'),
(45, 'years', '2005', 4, '2005-09-01', NULL, NULL, 'en'),
(46, 'years', '2006', 4, '2005-09-01', NULL, NULL, 'en'),
(47, 'technologies', 'Photoshop', 5, '2005-02-01', NULL, NULL, 'en'),
(48, 'industries', 'music', 5, '2005-02-01', NULL, NULL, 'en'),
(49, 'team_design', 'E.A.Taylor', 5, '2005-02-01', NULL, NULL, 'en'),
(50, 'years', '2005', 5, '2005-01-01', NULL, NULL, 'en'),
(51, 'technologies', 'Illustrator', 6, '2006-01-01', NULL, NULL, 'en'),
(52, 'technologies', 'Photoshop', 6, '2006-01-01', NULL, NULL, 'en'),
(53, 'technologies', 'Flash', 6, '2006-01-01', NULL, NULL, 'en'),
(54, 'companies', 'WSCC', 6, '2006-01-01', NULL, NULL, 'en'),
(55, 'industries', 'health', 6, '2006-01-01', NULL, NULL, 'en'),
(56, 'team_design', 'E.A.Taylor', 6, '2006-01-01', NULL, NULL, 'en'),
(57, 'years', '2006', 6, '2006-01-01', NULL, NULL, 'en'),
(58, 'technologies', 'Illustrator', 7, '2004-08-01', NULL, NULL, 'en'),
(59, 'technologies', 'Photoshop', 7, '2004-08-01', NULL, NULL, 'en'),
(60, 'technologies', 'Flash', 7, '2004-08-01', NULL, NULL, 'en'),
(61, 'companies', 'TaylorMadeTraffic', 7, '2004-08-01', NULL, NULL, 'en'),
(62, 'industries', 'music', 7, '2004-08-01', NULL, NULL, 'en'),
(63, 'industries', 'art', 7, '2004-08-01', NULL, NULL, 'en'),
(64, 'industries', 'events', 7, '2004-08-01', NULL, NULL, 'en'),
(65, 'team_design', 'Dan Wilson', 7, '2004-08-01', NULL, NULL, 'en'),
(66, 'team_producer', 'E.A.Taylor', 7, '2004-08-01', NULL, NULL, 'en'),
(67, 'years', '2003', 7, '2003-08-01', NULL, NULL, 'en'),
(68, 'years', '2004', 7, '2003-08-01', NULL, NULL, 'en'),
(69, 'technologies', 'Native Android SDK', 8, '2013-05-01', NULL, NULL, 'en'),
(70, 'technologies', 'Facebook SDK', 8, '2013-05-01', NULL, NULL, 'en'),
(71, 'technologies', 'Chord Framework', 8, '2013-05-01', NULL, NULL, 'en'),
(72, 'technologies', 'All-Share Frameword', 8, '2013-05-01', NULL, NULL, 'en'),
(73, 'companies', 'TaylorMadeTraffic', 8, '2013-05-01', NULL, NULL, 'en'),
(74, 'companies', 'SuperWashingWell Laundromat', 8, '2013-05-01', NULL, NULL, 'en'),
(75, 'industries', 'ecommerce', 8, '2013-05-01', NULL, NULL, 'en'),
(76, 'industries', 'marketing', 8, '2013-05-01', NULL, NULL, 'en'),
(77, 'industries', 'analytics', 8, '2013-05-01', NULL, NULL, 'en'),
(78, 'team_design', 'E.A.Taylor', 8, '2013-05-01', NULL, NULL, 'en'),
(79, 'team_front-end', 'E.A.Taylor', 8, '2013-05-01', NULL, NULL, 'en'),
(80, 'team_back-end', 'E.A.Taylor', 8, '2013-05-01', NULL, NULL, 'en'),
(81, 'team_business development', ' Sam Taylor', 8, '2013-05-01', NULL, NULL, 'en'),
(82, 'years', '2013', 8, '2013-05-01', NULL, NULL, 'en'),
(83, 'technologies', 'PHP', 9, '2013-01-01', NULL, NULL, 'en'),
(84, 'technologies', 'mySQL', 9, '2013-01-01', NULL, NULL, 'en'),
(85, 'technologies', 'AJAX', 9, '2013-01-01', NULL, NULL, 'en'),
(86, 'technologies', 'JavaScript', 9, '2013-01-01', NULL, NULL, 'en'),
(87, 'technologies', 'Bash', 9, '2013-01-01', NULL, NULL, 'en'),
(88, 'technologies', 'Android WebView', 9, '2013-01-01', NULL, NULL, 'en'),
(89, 'technologies', 'Facebook SDK', 9, '2013-01-01', NULL, NULL, 'en'),
(90, 'companies', 'TaylorMadeTraffic', 9, '2013-01-01', NULL, NULL, 'en'),
(91, 'industries', 'music', 9, '2013-01-01', NULL, NULL, 'en'),
(92, 'industries', 'events', 9, '2013-01-01', NULL, NULL, 'en'),
(93, 'industries', 'gaming', 9, '2013-01-01', NULL, NULL, 'en'),
(94, 'team_design', 'E.A.Taylor', 9, '2013-01-01', NULL, NULL, 'en'),
(95, 'team_front-end', 'E.A.Taylor', 9, '2013-01-01', NULL, NULL, 'en'),
(96, 'team_back-end', 'E.A.Taylor', 9, '2013-01-01', NULL, NULL, 'en'),
(97, 'team_business development', 'E.A.Taylor', 9, '2013-01-01', NULL, NULL, 'en'),
(98, 'team_business development', 'Andrew Williams', 9, '2013-01-01', NULL, NULL, 'en'),
(99, 'years', '2012', 9, '2012-11-01', NULL, NULL, 'en'),
(100, 'years', '2013', 9, '2012-11-01', NULL, NULL, 'en'),
(101, 'technologies', 'PHP', 10, '2013-12-01', NULL, NULL, 'en'),
(102, 'technologies', 'mySQL', 10, '2013-12-01', NULL, NULL, 'en'),
(103, 'technologies', 'AJAX', 10, '2013-12-01', NULL, NULL, 'en'),
(104, 'technologies', 'JavaScript', 10, '2013-12-01', NULL, NULL, 'en'),
(105, 'technologies', 'Google SDK', 10, '2013-12-01', NULL, NULL, 'en'),
(106, 'technologies', 'Facebook SDK', 10, '2013-12-01', NULL, NULL, 'en'),
(107, 'technologies', 'YouTube SDK', 10, '2013-12-01', NULL, NULL, 'en'),
(108, 'technologies', 'Twitter SDK', 10, '2013-12-01', NULL, NULL, 'en'),
(109, 'companies', 'ID Interactive', 10, '2013-12-01', NULL, NULL, 'en'),
(110, 'industries', 'analytics', 10, '2013-12-01', NULL, NULL, 'en'),
(111, 'team_design', 'E.A.Taylor', 10, '2013-12-01', NULL, NULL, 'en'),
(112, 'team_front-end', 'E.A.Taylor', 10, '2013-12-01', NULL, NULL, 'en'),
(113, 'team_back-end', 'E.A.Taylor', 10, '2013-12-01', NULL, NULL, 'en'),
(114, 'team_business development', 'Juan Ruiz', 10, '2013-12-01', NULL, NULL, 'en'),
(115, 'team_business development', 'Claudia Herez', 10, '2013-12-01', NULL, NULL, 'en'),
(116, 'team_qa', 'Alejandra F', 10, '2013-12-01', NULL, NULL, 'en'),
(117, 'years', '2013', 10, '2013-07-01', NULL, NULL, 'en'),
(118, 'technologies', 'PHP', 11, '2013-12-01', NULL, NULL, 'en'),
(119, 'technologies', 'mySQL', 11, '2013-12-01', NULL, NULL, 'en'),
(120, 'technologies', 'JavaScript', 11, '2013-12-01', NULL, NULL, 'en'),
(121, 'technologies', 'PHP', 11, '2013-12-01', NULL, NULL, 'en'),
(122, 'technologies', 'mySQL', 11, '2013-12-01', NULL, NULL, 'en'),
(123, 'companies', 'Oreo', 11, '2013-12-01', NULL, NULL, 'en'),
(124, 'companies', 'ID Interactive', 11, '2013-12-01', NULL, NULL, 'en'),
(125, 'industries', 'gaming', 11, '2013-12-01', NULL, NULL, 'en'),
(126, 'team_design', 'Camilo', 11, '2013-12-01', NULL, NULL, 'en'),
(127, 'team_front-end', 'E.A.Taylor', 11, '2013-12-01', NULL, NULL, 'en'),
(128, 'team_back-end', 'E.A.Taylor', 11, '2013-12-01', NULL, NULL, 'en'),
(129, 'years', '2013', 11, '2013-11-01', NULL, NULL, 'en'),
(130, 'companies', 'Collectiv LLC', 12, '2004-12-01', NULL, NULL, 'en'),
(131, 'industries', 'music', 12, '2004-12-01', NULL, NULL, 'en'),
(132, 'industries', 'art', 12, '2004-12-01', NULL, NULL, 'en'),
(133, 'industries', 'events', 12, '2004-12-01', NULL, NULL, 'en'),
(134, 'team_design', 'Jamie Williams', 12, '2004-12-01', NULL, NULL, 'en'),
(135, 'team_design', 'E.A.Taylor', 12, '2004-12-01', NULL, NULL, 'en'),
(136, 'team_front-end', 'Jamie Williams', 12, '2004-12-01', NULL, NULL, 'en'),
(137, 'team_front-end', 'E.A.Taylor', 12, '2004-12-01', NULL, NULL, 'en'),
(138, 'team_back-end', 'Jamie Williams', 12, '2004-12-01', NULL, NULL, 'en'),
(139, 'team_project managment', 'Eli Taylor', 12, '2004-12-01', NULL, NULL, 'en'),
(140, 'team_project managment', 'Drew Williams', 12, '2004-12-01', NULL, NULL, 'en'),
(141, 'team_project managment', 'Tommy Goodwin', 12, '2004-12-01', NULL, NULL, 'en'),
(142, 'years', '2002', 12, '2002-11-01', NULL, NULL, 'en'),
(143, 'years', '2003', 12, '2002-11-01', NULL, NULL, 'en'),
(144, 'years', '2004', 12, '2002-11-01', NULL, NULL, 'en'),
(145, 'technologies', 'Java', 13, '2012-07-01', NULL, NULL, 'en'),
(146, 'technologies', 'Spring', 13, '2012-07-01', NULL, NULL, 'en'),
(147, 'technologies', 'Oracle', 13, '2012-07-01', NULL, NULL, 'en'),
(148, 'technologies', 'JavaScript', 13, '2012-07-01', NULL, NULL, 'en'),
(149, 'technologies', 'JSONP', 13, '2012-07-01', NULL, NULL, 'en'),
(150, 'companies', 'Healthline Networks', 13, '2012-07-01', NULL, NULL, 'en'),
(151, 'industries', 'health', 13, '2012-07-01', NULL, NULL, 'en'),
(152, 'industries', 'marketing', 13, '2012-07-01', NULL, NULL, 'en'),
(153, 'team_design', 'E.A.Taylor', 13, '2012-07-01', NULL, NULL, 'en'),
(154, 'team_front-end', 'E.A.Taylor', 13, '2012-07-01', NULL, NULL, 'en'),
(155, 'team_backend-end', 'E.A.Taylor', 13, '2012-07-01', NULL, NULL, 'en'),
(156, 'team_backend-end', 'AJ Chen', 13, '2012-07-01', NULL, NULL, 'en'),
(157, 'team_backend-end', 'Steve Jackson', 13, '2012-07-01', NULL, NULL, 'en'),
(158, 'years', '2009', 13, '2009-05-01', NULL, NULL, 'en'),
(159, 'years', '2010', 13, '2009-05-01', NULL, NULL, 'en'),
(160, 'years', '2011', 13, '2009-05-01', NULL, NULL, 'en'),
(161, 'years', '2012', 13, '2009-05-01', NULL, NULL, 'en'),
(162, 'technologies', 'Java', 14, '2012-07-01', NULL, NULL, 'en'),
(163, 'technologies', 'Spring', 14, '2012-07-01', NULL, NULL, 'en'),
(164, 'technologies', 'Oracle', 14, '2012-07-01', NULL, NULL, 'en'),
(165, 'technologies', 'JavaScript', 14, '2012-07-01', NULL, NULL, 'en'),
(166, 'technologies', 'AJAX', 14, '2012-07-01', NULL, NULL, 'en'),
(167, 'companies', 'Healthline Networks', 14, '2012-07-01', NULL, NULL, 'en'),
(168, 'industries', 'health', 14, '2012-07-01', NULL, NULL, 'en'),
(169, 'industries', 'analytics', 14, '2012-07-01', NULL, NULL, 'en'),
(170, 'industries', 'marketing', 14, '2012-07-01', NULL, NULL, 'en'),
(171, 'team_design', 'E.A.Taylor', 14, '2012-07-01', NULL, NULL, 'en'),
(172, 'team_front-end', 'E.A.Taylor', 14, '2012-07-01', NULL, NULL, 'en'),
(173, 'team_back-end', 'EliTaylor', 14, '2012-07-01', NULL, NULL, 'en'),
(174, 'years', '2009', 14, '2009-05-01', NULL, NULL, 'en'),
(175, 'years', '2010', 14, '2009-05-01', NULL, NULL, 'en'),
(176, 'years', '2011', 14, '2009-05-01', NULL, NULL, 'en'),
(177, 'years', '2012', 14, '2009-05-01', NULL, NULL, 'en'),
(178, 'technologies', 'WebSQL-lite', 15, '2012-07-01', NULL, NULL, 'en'),
(179, 'technologies', 'JavaScript', 15, '2012-07-01', NULL, NULL, 'en'),
(180, 'technologies', 'Google Chrome Extension', 15, '2012-07-01', NULL, NULL, 'en'),
(181, 'technologies', 'LocalStorage', 15, '2012-07-01', NULL, NULL, 'en'),
(182, 'companies', 'Healthline Networks', 15, '2012-07-01', NULL, NULL, 'en'),
(183, 'industries', 'analytics', 15, '2012-07-01', NULL, NULL, 'en'),
(184, 'team_design', 'E.A.Taylor', 15, '2012-07-01', NULL, NULL, 'en'),
(185, 'team_front-end', 'E.A.Taylor', 15, '2012-07-01', NULL, NULL, 'en'),
(186, 'team_back-end', 'EliTaylor', 15, '2012-07-01', NULL, NULL, 'en'),
(187, 'years', '2009', 15, '2009-05-01', NULL, NULL, 'en'),
(188, 'years', '2010', 15, '2009-05-01', NULL, NULL, 'en'),
(189, 'years', '2011', 15, '2009-05-01', NULL, NULL, 'en'),
(190, 'years', '2012', 15, '2009-05-01', NULL, NULL, 'en'),
(191, 'technologies', 'Native Android SDK', 16, '2013-08-01', NULL, NULL, 'en'),
(192, 'technologies', 'Chord Framework', 16, '2013-08-01', NULL, NULL, 'en'),
(193, 'technologies', 'All-Share Frameword', 16, '2013-08-01', NULL, NULL, 'en'),
(194, 'companies', 'TaylorMadeTraffic', 16, '2013-08-01', NULL, NULL, 'en'),
(195, 'industries', 'music', 16, '2013-08-01', NULL, NULL, 'en'),
(196, 'industries', 'gaming', 16, '2013-08-01', NULL, NULL, 'en'),
(197, 'team_design', 'E.A.Taylor', 16, '2013-08-01', NULL, NULL, 'en'),
(198, 'team_front-end', 'E.A.Taylor', 16, '2013-08-01', NULL, NULL, 'en'),
(199, 'years', '2013', 16, '2013-08-01', NULL, NULL, 'en'),
(200, 'technologies', 'Flex', 17, '2011-07-01', NULL, NULL, 'en'),
(201, 'technologies', 'AS3', 17, '2011-07-01', NULL, NULL, 'en'),
(202, 'companies', 'OptumHealth', 17, '2011-07-01', NULL, NULL, 'en'),
(203, 'companies', 'Healthline Networks', 17, '2011-07-01', NULL, NULL, 'en'),
(204, 'industries', 'health', 17, '2011-07-01', NULL, NULL, 'en'),
(205, 'team_design', 'Matt', 17, '2011-07-01', NULL, NULL, 'en'),
(206, 'team_front-end', 'E.A.Taylor', 17, '2011-07-01', NULL, NULL, 'en'),
(207, 'team_project management', 'Steve Berley', 17, '2011-07-01', NULL, NULL, 'en'),
(208, 'years', '2010', 17, '2010-05-01', NULL, NULL, 'en'),
(209, 'years', '2011', 17, '2010-05-01', NULL, NULL, 'en'),
(210, 'technologies', 'Flex', 18, '2011-07-01', NULL, NULL, 'en'),
(211, 'technologies', 'AS3', 18, '2011-07-01', NULL, NULL, 'en'),
(212, 'companies', 'Healthline Networks', 18, '2011-07-01', NULL, NULL, 'en'),
(213, 'industries', 'health', 18, '2011-07-01', NULL, NULL, 'en'),
(214, 'industries', 'food', 18, '2011-07-01', NULL, NULL, 'en'),
(215, 'team_design', 'Matt', 18, '2011-07-01', NULL, NULL, 'en'),
(216, 'team_front-end', 'E.A.Taylor', 18, '2011-07-01', NULL, NULL, 'en'),
(217, 'years', '2010', 18, '2010-05-01', NULL, NULL, 'en'),
(218, 'years', '2011', 18, '2010-05-01', NULL, NULL, 'en'),
(219, 'technologies', 'Flex', 19, '2009-10-01', NULL, NULL, 'en'),
(220, 'technologies', 'AS3', 19, '2009-10-01', NULL, NULL, 'en'),
(221, 'companies', 'Healthline Networks', 19, '2009-10-01', NULL, NULL, 'en'),
(222, 'industries', 'art', 19, '2009-10-01', NULL, NULL, 'en'),
(223, 'team_design', 'E.A.Taylor', 19, '2009-10-01', NULL, NULL, 'en'),
(224, 'team_front-end', 'E.A.Taylor', 19, '2009-10-01', NULL, NULL, 'en'),
(225, 'years', '2009', 19, '2009-08-01', NULL, NULL, 'en'),
(226, 'technologies', 'AJAX', 20, '2009-07-01', NULL, NULL, 'en'),
(227, 'technologies', 'AS3', 20, '2009-07-01', NULL, NULL, 'en'),
(228, 'technologies', 'Flex', 20, '2009-07-01', NULL, NULL, 'en'),
(229, 'technologies', 'PHP', 20, '2009-07-01', NULL, NULL, 'en'),
(230, 'technologies', 'mySQL', 20, '2009-07-01', NULL, NULL, 'en'),
(231, 'technologies', 'JavaScript', 20, '2009-07-01', NULL, NULL, 'en'),
(232, 'companies', 'Elite Wedding Locations', 20, '2009-07-01', NULL, NULL, 'en'),
(233, 'companies', 'Noospheric LLC', 20, '2009-07-01', NULL, NULL, 'en'),
(234, 'industries', 'analytics', 20, '2009-07-01', NULL, NULL, 'en'),
(235, 'industries', 'marketing', 20, '2009-07-01', NULL, NULL, 'en'),
(236, 'team_design', 'E.A.Taylor', 20, '2009-07-01', NULL, NULL, 'en'),
(237, 'team_front-end', 'E.A.Taylor', 20, '2009-07-01', NULL, NULL, 'en'),
(238, 'team_back-end', 'EliTaylor', 20, '2009-07-01', NULL, NULL, 'en'),
(239, 'team_project management', 'Jacquas Habra', 20, '2009-07-01', NULL, NULL, 'en'),
(240, 'team_project management', 'Kevin Kent', 20, '2009-07-01', NULL, NULL, 'en'),
(241, 'team_project management', 'James McCorkle', 20, '2009-07-01', NULL, NULL, 'en'),
(242, 'years', '2009', 20, '2009-05-01', NULL, NULL, 'en'),
(243, 'technologies', 'AS3', 21, '2009-08-01', NULL, NULL, 'en'),
(244, 'technologies', 'PHP', 21, '2009-08-01', NULL, NULL, 'en'),
(245, 'technologies', 'mySQL', 21, '2009-08-01', NULL, NULL, 'en'),
(246, 'technologies', 'AJAX', 21, '2009-08-01', NULL, NULL, 'en'),
(247, 'technologies', 'JavaScript', 21, '2009-08-01', NULL, NULL, 'en'),
(248, 'companies', 'Huey P. Newton Foundation', 21, '2009-08-01', NULL, NULL, 'en'),
(249, 'industries', 'education', 21, '2009-08-01', NULL, NULL, 'en'),
(250, 'industries', 'ecommerce', 21, '2009-08-01', NULL, NULL, 'en'),
(251, 'team_design', 'E.A.Taylor', 21, '2009-08-01', NULL, NULL, 'en'),
(252, 'team_front-end', 'E.A.Taylor', 21, '2009-08-01', NULL, NULL, 'en'),
(253, 'team_back-end', 'EliTaylor', 21, '2009-08-01', NULL, NULL, 'en'),
(254, 'team_project management', 'Dorion Hillard', 21, '2009-08-01', NULL, NULL, 'en'),
(255, 'years', '2009', 21, '2009-07-01', NULL, NULL, 'en'),
(256, 'technologies', 'AS3', 22, '2009-10-01', NULL, NULL, 'en'),
(257, 'technologies', 'Flex', 22, '2009-10-01', NULL, NULL, 'en'),
(258, 'technologies', 'PHP', 22, '2009-10-01', NULL, NULL, 'en'),
(259, 'technologies', 'mySQL', 22, '2009-10-01', NULL, NULL, 'en'),
(260, 'companies', 'ChartMedica LLC', 22, '2009-10-01', NULL, NULL, 'en'),
(261, 'industries', 'health', 22, '2009-10-01', NULL, NULL, 'en'),
(262, 'team_design', 'E.A.Taylor', 22, '2009-10-01', NULL, NULL, 'en'),
(263, 'team_front-end', 'E.A.Taylor', 22, '2009-10-01', NULL, NULL, 'en'),
(264, 'team_back-end', 'EliTaylor', 22, '2009-10-01', NULL, NULL, 'en'),
(265, 'team_back-end', 'Roy', 22, '2009-10-01', NULL, NULL, 'en'),
(266, 'team_back-end', 'David', 22, '2009-10-01', NULL, NULL, 'en'),
(267, 'years', '2009', 22, '2009-03-01', NULL, NULL, 'en'),
(268, 'technologies', 'AS3', 23, '2009-02-01', NULL, NULL, 'en'),
(269, 'technologies', 'PHP', 23, '2009-02-01', NULL, NULL, 'en'),
(270, 'technologies', 'mySQL', 23, '2009-02-01', NULL, NULL, 'en'),
(271, 'technologies', 'AJAX', 23, '2009-02-01', NULL, NULL, 'en'),
(272, 'technologies', 'JavaScript', 23, '2009-02-01', NULL, NULL, 'en'),
(273, 'companies', 'TaylorMadeTraffic', 23, '2009-02-01', NULL, NULL, 'en'),
(274, 'companies', 'Berkeley High School', 23, '2009-02-01', NULL, NULL, 'en'),
(275, 'industries', 'education', 23, '2009-02-01', NULL, NULL, 'en'),
(276, 'industries', 'e-learning', 23, '2009-02-01', NULL, NULL, 'en'),
(277, 'team_design', 'E.A.Taylor', 23, '2009-02-01', NULL, NULL, 'en'),
(278, 'team_front-end', 'E.A.Taylor', 23, '2009-02-01', NULL, NULL, 'en'),
(279, 'team_back-end', 'EliTaylor', 23, '2009-02-01', NULL, NULL, 'en'),
(280, 'team_product development', 'Biko Eisen-Martin', 23, '2009-02-01', NULL, NULL, 'en'),
(281, 'years', '2008', 23, '2008-09-01', NULL, NULL, 'en'),
(282, 'years', '2009', 23, '2008-09-01', NULL, NULL, 'en'),
(283, 'technologies', 'PHP', 24, '2010-01-01', NULL, NULL, 'en'),
(284, 'technologies', 'mySQL', 24, '2010-01-01', NULL, NULL, 'en'),
(285, 'technologies', 'Facebook SDK', 24, '2010-01-01', NULL, NULL, 'en'),
(286, 'technologies', 'JavaScript', 24, '2010-01-01', NULL, NULL, 'en'),
(287, 'technologies', 'AJAX', 24, '2010-01-01', NULL, NULL, 'en'),
(288, 'companies', 'MyCubi', 24, '2010-01-01', NULL, NULL, 'en'),
(289, 'industries', 'marketing', 24, '2010-01-01', NULL, NULL, 'en'),
(290, 'industries', 'ecommerce', 24, '2010-01-01', NULL, NULL, 'en'),
(291, 'team_front-end', 'E.A.Taylor', 24, '2010-01-01', NULL, NULL, 'en'),
(292, 'team_front-end', 'Anatoliy Yastreb', 24, '2010-01-01', NULL, NULL, 'en'),
(293, 'team_back-end', 'EliTaylor', 24, '2010-01-01', NULL, NULL, 'en'),
(294, 'team_back-end', 'Anatoliy Yastreb', 24, '2010-01-01', NULL, NULL, 'en'),
(295, 'team_product development', 'Danielle McCormick', 24, '2010-01-01', NULL, NULL, 'en'),
(296, 'team_product development', 'Maeve Hackett', 24, '2010-01-01', NULL, NULL, 'en'),
(297, 'team_product development', 'Will McCormick', 24, '2010-01-01', NULL, NULL, 'en'),
(298, 'team_product development', 'Michael D Montoya', 24, '2010-01-01', NULL, NULL, 'en'),
(299, 'team_product development', 'Colm Walsh', 24, '2010-01-01', NULL, NULL, 'en'),
(300, 'years', '2009', 24, '2009-09-01', NULL, NULL, 'en'),
(301, 'years', '2010', 24, '2009-09-01', NULL, NULL, 'en'),
(302, 'technologies', 'PHP', 25, '2010-06-01', NULL, NULL, 'en'),
(303, 'technologies', 'mySQL', 25, '2010-06-01', NULL, NULL, 'en'),
(304, 'technologies', 'Facebook SDK', 25, '2010-06-01', NULL, NULL, 'en'),
(305, 'technologies', 'JavaScript', 25, '2010-06-01', NULL, NULL, 'en'),
(306, 'technologies', 'AJAX', 25, '2010-06-01', NULL, NULL, 'en'),
(307, 'companies', 'Planet Maple', 25, '2010-06-01', NULL, NULL, 'en'),
(308, 'companies', 'Planet Maple', 25, '2010-06-01', NULL, NULL, 'en'),
(309, 'industries', 'sports', 25, '2010-06-01', NULL, NULL, 'en'),
(310, 'industries', 'ecommerce', 25, '2010-06-01', NULL, NULL, 'en'),
(311, 'team_front-end', 'E.A.Taylor', 25, '2010-06-01', NULL, NULL, 'en'),
(312, 'team_back-end', 'EliTaylor', 25, '2010-06-01', NULL, NULL, 'en'),
(313, 'team_design', 'E.A.Taylor', 25, '2010-06-01', NULL, NULL, 'en'),
(314, 'team_product development', 'Lisa Vasquez', 25, '2010-06-01', NULL, NULL, 'en'),
(315, 'team_product development', 'Cedric Bell', 25, '2010-06-01', NULL, NULL, 'en'),
(316, 'team_product development', 'William Lamar', 25, '2010-06-01', NULL, NULL, 'en'),
(317, 'years', '2010', 25, '2010-03-01', NULL, NULL, 'en'),
(318, 'technologies', 'AS2', 26, '2008-08-01', NULL, NULL, 'en'),
(319, 'technologies', 'PHP', 26, '2008-08-01', NULL, NULL, 'en'),
(320, 'technologies', 'mySQL', 26, '2008-08-01', NULL, NULL, 'en'),
(321, 'companies', 'BCBGMaxAzriaGroup', 26, '2008-08-01', NULL, NULL, 'en'),
(322, 'industries', 'fashion', 26, '2008-08-01', NULL, NULL, 'en'),
(323, 'team_design', 'Natasha Li', 26, '2008-08-01', NULL, NULL, 'en'),
(324, 'team_front-end', 'E.A.Taylor', 26, '2008-08-01', NULL, NULL, 'en'),
(325, 'team_front-end', 'Robert Baindourve', 26, '2008-08-01', NULL, NULL, 'en'),
(326, 'team_back-end', 'Edwin Ado', 26, '2008-08-01', NULL, NULL, 'en'),
(327, 'team_back-end', 'Ray', 26, '2008-08-01', NULL, NULL, 'en'),
(328, 'team_artistic direction', 'Edwin Roses', 26, '2008-08-01', NULL, NULL, 'en'),
(329, 'years', '2008', 26, '2008-04-01', NULL, NULL, 'en'),
(330, 'technologies', 'AS2', 27, '2008-08-01', NULL, NULL, 'en'),
(331, 'technologies', 'PHP', 27, '2008-08-01', NULL, NULL, 'en'),
(332, 'technologies', 'mySQL', 27, '2008-08-01', NULL, NULL, 'en'),
(333, 'companies', 'HerveLeger', 27, '2008-08-01', NULL, NULL, 'en'),
(334, 'companies', 'BCBGMaxAzriaGroup', 27, '2008-08-01', NULL, NULL, 'en'),
(335, 'industries', 'fashion', 27, '2008-08-01', NULL, NULL, 'en'),
(336, 'team_design', 'Joe', 27, '2008-08-01', NULL, NULL, 'en'),
(337, 'team_front-end', 'E.A.Taylor', 27, '2008-08-01', NULL, NULL, 'en'),
(338, 'team_back-end', 'Edwin Ado', 27, '2008-08-01', NULL, NULL, 'en'),
(339, 'years', '2008', 27, '2008-07-01', NULL, NULL, 'en'),
(340, 'technologies', 'AS2', 28, '2008-12-01', NULL, NULL, 'en'),
(341, 'technologies', 'JSFL', 28, '2008-12-01', NULL, NULL, 'en'),
(342, 'technologies', 'Scorm', 28, '2008-12-01', NULL, NULL, 'en'),
(343, 'companies', 'Building Safety Solutions', 28, '2008-12-01', NULL, NULL, 'en'),
(344, 'industries', 'education', 28, '2008-12-01', NULL, NULL, 'en'),
(345, 'industries', 'e-learning', 28, '2008-12-01', NULL, NULL, 'en'),
(346, 'team_3dmodeling', 'Umberto Polanco', 28, '2008-12-01', NULL, NULL, 'en'),
(347, 'team_front-end', 'E.A.Taylor', 28, '2008-12-01', NULL, NULL, 'en'),
(348, 'team_back-end', 'E.A.Taylor', 28, '2008-12-01', NULL, NULL, 'en'),
(349, 'team_business development', 'Hector Gomez', 28, '2008-12-01', NULL, NULL, 'en'),
(350, 'years', '2008', 28, '2008-08-01', NULL, NULL, 'en'),
(351, 'technologies', 'AS3', 29, '2004-08-01', NULL, NULL, 'en'),
(352, 'technologies', 'Illustrator', 29, '2004-08-01', NULL, NULL, 'en'),
(353, 'technologies', 'Photoshop', 29, '2004-08-01', NULL, NULL, 'en'),
(354, 'technologies', 'Flash', 29, '2004-08-01', NULL, NULL, 'en'),
(355, 'companies', 'TaylorMadeTraffic', 29, '2004-08-01', NULL, NULL, 'en'),
(356, 'industries', 'education', 29, '2004-08-01', NULL, NULL, 'en'),
(357, 'industries', 'e-learning', 29, '2004-08-01', NULL, NULL, 'en'),
(358, 'team_design', 'E.A.Taylor', 29, '2004-08-01', NULL, NULL, 'en'),
(359, 'team_front-end', 'E.A.Taylor', 29, '2004-08-01', NULL, NULL, 'en'),
(360, 'team_design', 'E.A.Taylor', 29, '2004-08-01', NULL, NULL, 'en'),
(361, 'team_business development', 'E.A.Taylor', 29, '2004-08-01', NULL, NULL, 'en'),
(362, 'team_legal consul', 'Che Hashim', 29, '2004-08-01', NULL, NULL, 'en'),
(363, 'years', '2004', 29, '2004-08-01', NULL, NULL, 'en'),
(364, 'technologies', 'AS2', 30, '2009-01-01', NULL, NULL, 'en'),
(365, 'technologies', 'PHP', 30, '2009-01-01', NULL, NULL, 'en'),
(366, 'technologies', 'mySQL', 30, '2009-01-01', NULL, NULL, 'en'),
(367, 'technologies', 'JavaScript', 30, '2009-01-01', NULL, NULL, 'en'),
(368, 'technologies', 'AJAX', 30, '2009-01-01', NULL, NULL, 'en'),
(369, 'technologies', 'Google SDK', 30, '2009-01-01', NULL, NULL, 'en'),
(370, 'companies', 'Good Life With Gabby', 30, '2009-01-01', NULL, NULL, 'en'),
(371, 'industries', 'kids', 30, '2009-01-01', NULL, NULL, 'en'),
(372, 'industries', 'health', 30, '2009-01-01', NULL, NULL, 'en'),
(373, 'team_front-end', 'E.A.Taylor', 30, '2009-01-01', NULL, NULL, 'en'),
(374, 'team_back-end', 'E.A.Taylor', 30, '2009-01-01', NULL, NULL, 'en'),
(375, 'team_free-hand', 'Unknown', 30, '2009-01-01', NULL, NULL, 'en'),
(376, 'team_business development', 'Lisa Vasquez', 30, '2009-01-01', NULL, NULL, 'en'),
(377, 'years', '2008', 30, '2008-08-01', NULL, NULL, 'en'),
(378, 'years', '2009', 30, '2008-08-01', NULL, NULL, 'en'),
(379, 'technologies', 'AS3', 31, '2009-06-01', NULL, NULL, 'en'),
(380, 'technologies', 'Flex', 31, '2009-06-01', NULL, NULL, 'en'),
(381, 'companies', 'Ruth Raser', 31, '2009-06-01', NULL, NULL, 'en'),
(382, 'industries', 'fashion', 31, '2009-06-01', NULL, NULL, 'en'),
(383, 'team_design', 'E.A.Taylor', 31, '2009-06-01', NULL, NULL, 'en'),
(384, 'team_development', 'E.A.Taylor', 31, '2009-06-01', NULL, NULL, 'en'),
(385, 'years', '2008', 31, '2008-05-01', NULL, NULL, 'en'),
(386, 'years', '2009', 31, '2008-05-01', NULL, NULL, 'en'),
(387, 'technologies', 'AS3', 32, '2009-02-01', NULL, NULL, 'en'),
(388, 'companies', 'Margaret Timbrell', 32, '2009-02-01', NULL, NULL, 'en'),
(389, 'industries', 'art', 32, '2009-02-01', NULL, NULL, 'en'),
(390, 'team_front-end', 'E.A.Taylor', 32, '2009-02-01', NULL, NULL, 'en'),
(391, 'team_design', 'E.A.Taylor', 32, '2009-02-01', NULL, NULL, 'en'),
(392, 'years', '2009', 32, '2009-01-01', NULL, NULL, 'en'),
(393, 'technologies', 'AS3', 33, '2009-04-01', NULL, NULL, 'en'),
(394, 'technologies', 'Flash', 33, '2009-04-01', NULL, NULL, 'en'),
(395, 'companies', 'Fuse Green', 33, '2009-04-01', NULL, NULL, 'en'),
(396, 'industries', 'art', 33, '2009-04-01', NULL, NULL, 'en'),
(397, 'industries', 'fashion', 33, '2009-04-01', NULL, NULL, 'en'),
(398, 'team_front-end', 'E.A.Taylor', 33, '2009-04-01', NULL, NULL, 'en'),
(399, 'team_back-end', 'E.A.Taylor', 33, '2009-04-01', NULL, NULL, 'en'),
(400, 'team_design', 'Fuse Green', 33, '2009-04-01', NULL, NULL, 'en'),
(401, 'years', '2009', 33, '2009-03-01', NULL, NULL, 'en'),
(402, 'technologies', 'AS2', 34, '2006-02-01', NULL, NULL, 'en'),
(403, 'companies', 'Ankh Marketing', 34, '2006-02-01', NULL, NULL, 'en'),
(404, 'industries', 'music', 34, '2006-02-01', NULL, NULL, 'en'),
(405, 'industries', 'events', 34, '2006-02-01', NULL, NULL, 'en'),
(406, 'team_design', 'E.A.Taylor', 34, '2006-02-01', NULL, NULL, 'en'),
(407, 'team_front-end', 'E.A.Taylor', 34, '2006-02-01', NULL, NULL, 'en'),
(408, 'years', '2004', 34, '2004-04-01', NULL, NULL, 'en'),
(409, 'years', '2005', 34, '2004-04-01', NULL, NULL, 'en'),
(410, 'years', '2006', 34, '2004-04-01', NULL, NULL, 'en');
